Lobster Sandwich,$20.50,Big T’s Seafood Market Bar,$$,000000000.jpg,https://s3-media2.fl.yelpcdn.com/bphoto/AsUOeOlV4s7pgZ8948t4Iw/258s.jpg
Chef Special Lobster Ramen,$41.00,Big T’s Seafood Market Bar,$$,000000001.jpg,https://s3-media1.fl.yelpcdn.com/bphoto/GzXNiz1rPr1VTo68MujTqQ/258s.jpg
Dungeness Crab Ramen,$45.00,Big T’s Seafood Market Bar,$$,000000002.jpg,https://s3-media2.fl.yelpcdn.com/bphoto/p0js860X5XxpEXZUn-DpFQ/258s.jpg
Grilled Seafood Combo Platter,$53.00,Big T’s Seafood Market Bar,$$,000000003.jpg,https://s3-media1.fl.yelpcdn.com/bphoto/Vmo-I2xix_9fDIGRsvekJw/258s.jpg
Soft-shell Crab Sandwich,$12.00,Big T’s Seafood Market Bar,$$,000000004.jpg,https://s3-media3.fl.yelpcdn.com/bphoto/CE9Z_x7E-i4hRHWcA773LA/258s.jpg
Japanese Clams,$10.00,Big T’s Seafood Market Bar,$$,000000005.jpg,https://s3-media3.fl.yelpcdn.com/bphoto/JKECgwI9b2wdAgIsCMriWQ/258s.jpg
Jumbo Shrimp,$16.75,Big T’s Seafood Market Bar,$$,000000006.jpg,https://s3-media3.fl.yelpcdn.com/bphoto/d2CaMWYpHcumUO45V_MKdA/258s.jpg
Kids Popcorn Shrimp,$7.25,Big T’s Seafood Market Bar,$$,000000007.jpg,https://s3-media4.fl.yelpcdn.com/bphoto/y63s8GnKg5LOJqJczRNSJQ/258s.jpg
Creekstone Prime Black Angus Beef,$9.95,Taichi Pot Shabu Shabu,$$,000000008.jpg,https://s3-media1.fl.yelpcdn.com/bphoto/E49K7S7CbHe0tX22f65j9A/258s.jpg
Intense Spicy Mala Dashi,$8.75,Taichi Pot Shabu Shabu,$$,000000009.jpg,https://s3-media1.fl.yelpcdn.com/bphoto/yC8oOt8aW7e-QBh43Zjdew/258s.jpg
Napa Cabbage,$2.95,Taichi Pot Shabu Shabu,$$,000000010.jpg,https://s3-media3.fl.yelpcdn.com/bphoto/_yBRjNSc6PfnotbNwB98cg/258s.jpg
American Wagyu Kobe Beef,$11.95,Taichi Pot Shabu Shabu,$$,000000011.jpg,https://s3-media1.fl.yelpcdn.com/bphoto/c9An8uC7BrILIyykNC0P4w/258s.jpg
Kyoto Shiro Miso Silk Dashi,$8.75,Taichi Pot Shabu Shabu,$$,000000012.jpg,https://s3-media3.fl.yelpcdn.com/bphoto/6bCCiSKCuT6l4-d4lTORiQ/258s.jpg
Premium Lean Wagyu Kobe Beef,$10.95,Taichi Pot Shabu Shabu,$$,000000013.jpg,https://s3-media3.fl.yelpcdn.com/bphoto/Pq1CzMVF1HuU1rDxEz4k4w/258s.jpg
Quail Eggs,$2.95,Taichi Pot Shabu Shabu,$$,000000014.jpg,https://s3-media4.fl.yelpcdn.com/bphoto/qHciTQDu2whOYjWPg2VvAA/258s.jpg
Stewed Kobe Beef Tendon,$4.95,Taichi Pot Shabu Shabu,$$,000000015.jpg,https://s3-media1.fl.yelpcdn.com/bphoto/qxNkG2SuFt1dLyZoC08-lQ/258s.jpg
Spicy Aka Miso Dashi,$8.75,Taichi Pot Shabu Shabu,$$,000000016.jpg,https://s3-media4.fl.yelpcdn.com/bphoto/XMbTWQ3-b0cTByDsoj-WPQ/258s.jpg
Spicy Kimchi Jjigae Dashi,$8.75,Taichi Pot Shabu Shabu,$$,000000017.jpg,https://s3-media3.fl.yelpcdn.com/bphoto/9AeJG4xnGMeOih7POQqb9Q/258s.jpg
Hanger Steak,$19.75,Rok Steakhouse &amp; Grill,$$,000000018.jpg,https://s3-media3.fl.yelpcdn.com/bphoto/-bmu1nkrmP4WFGG3SHM8Hw/258s.jpg
Filet Mignon,$29.00,Rok Steakhouse &amp; Grill,$$,000000019.jpg,https://s3-media2.fl.yelpcdn.com/bphoto/6cf1rbIm7vcvzSYfSxgdAg/258s.jpg
Chocolate Fondue,$18.00,Rok Steakhouse &amp; Grill,$$,000000020.jpg,https://s3-media2.fl.yelpcdn.com/bphoto/uVWqx2VlS3N9wOfFPgxdzw/258s.jpg
Poke Salad,$14.75,Rok Steakhouse &amp; Grill,$$,000000021.jpg,https://s3-media2.fl.yelpcdn.com/bphoto/CdCi5p250fp3rccPA2XMUA/258s.jpg
Pacific Yellowfin Ahi Tuna Lunch,$19.95,Rok Steakhouse &amp; Grill,$$,000000022.jpg,https://s3-media4.fl.yelpcdn.com/bphoto/qnxtPXXvplyoGx7-7_yw-A/258s.jpg
Hawaiian Poke Salad,$12.75,Rok Steakhouse &amp; Grill,$$,000000023.jpg,https://s3-media3.fl.yelpcdn.com/bphoto/8nXfg_Io1G84jxUW0SEcEw/258s.jpg
Bruschetta,$7.00,Rok Steakhouse &amp; Grill,$$,000000024.jpg,https://s3-media4.fl.yelpcdn.com/bphoto/Zsml9LRfmTLLQVdI6VhGlA/258s.jpg
Ny Steak,$29.00,Rok Steakhouse &amp; Grill,$$,000000025.jpg,https://s3-media2.fl.yelpcdn.com/bphoto/2_PIGUQho2lFRqBJuKENsg/258s.jpg
Ribeye,$38.00,Rok Steakhouse &amp; Grill,$$,000000026.jpg,https://s3-media1.fl.yelpcdn.com/bphoto/YZQtVS2UoN4fcayJXaEcEA/258s.jpg
Roti Canai,$5.45,IPOH Garden Malaysian Cuisine,$$,000000027.jpg,https://s3-media2.fl.yelpcdn.com/bphoto/gPy99FC9NhJ9rmp2jgpiYA/258s.jpg
Satay,$7.95,IPOH Garden Malaysian Cuisine,$$,000000028.jpg,https://s3-media1.fl.yelpcdn.com/bphoto/dlu3AvXCA7LGwOvdp-a8og/258s.jpg
Hainanese Chicken,$13.50,IPOH Garden Malaysian Cuisine,$$,000000029.jpg,https://s3-media3.fl.yelpcdn.com/bphoto/TFJKlK_LB7giS3_iyYiV5A/258s.jpg
Malaysia Laksa Mee Soup,$12.95,IPOH Garden Malaysian Cuisine,$$,000000030.jpg,https://s3-media4.fl.yelpcdn.com/bphoto/7pVe5oiv0BocVZJhoBCmGA/258s.jpg
Mango Chicken,$13.50,IPOH Garden Malaysian Cuisine,$$,000000031.jpg,https://s3-media2.fl.yelpcdn.com/bphoto/RI_QI3k6atCPtBrO81oPdw/258s.jpg
Penang Prawn Mee Noodle Soup,$12.95,IPOH Garden Malaysian Cuisine,$$,000000032.jpg,https://s3-media1.fl.yelpcdn.com/bphoto/yna_GUGPLPRUgb3ADh0thg/258s.jpg
Samosa,$7.50,IPOH Garden Malaysian Cuisine,$$,000000033.jpg,https://s3-media1.fl.yelpcdn.com/bphoto/pooWzisPLUUFP_RBXzrR0Q/258s.jpg
Red Curry Chicken,$13.50,IPOH Garden Malaysian Cuisine,$$,000000034.jpg,https://s3-media2.fl.yelpcdn.com/bphoto/ovvEBiltEZXS6T3VJ-fNbA/258s.jpg
Seafood Tom Yam Rice Noodle Soup,$12.95,IPOH Garden Malaysian Cuisine,$$,000000035.jpg,https://s3-media3.fl.yelpcdn.com/bphoto/rhQnZihwirCDc7S5Q9raZA/258s.jpg
Butter Chicken,$9.00,Spice N Flavor,$,000000036.jpg,https://s3-media2.fl.yelpcdn.com/bphoto/nPeffnBeVmcYqwtEL1CyJg/258s.jpg
Chicken Curry,$9.00,Spice N Flavor,$,000000037.jpg,https://s3-media3.fl.yelpcdn.com/bphoto/2GlFU_4gDwMwJqpPll3DcQ/258s.jpg
Lamb Curry,$11.00,Spice N Flavor,$,000000038.jpg,https://s3-media1.fl.yelpcdn.com/bphoto/iOc9HKBOF0f5mCIOFZ7Yig/258s.jpg
Fish Curry,$10.00,Spice N Flavor,$,000000039.jpg,https://s3-media3.fl.yelpcdn.com/bphoto/ESlLye7x658PJPxQjUQjow/258s.jpg
Kappa and Tapioca Saute with Salmon Curry,$9.50,Spice N Flavor,$,000000040.jpg,https://s3-media4.fl.yelpcdn.com/bphoto/vl8CIOUTiMZ_hSDKZY7PBA/258s.jpg
Vegetable Curry,$8.00,Spice N Flavor,$,000000041.jpg,https://s3-media1.fl.yelpcdn.com/bphoto/OmU7ywmMTzVPaYYyiQkOpg/258s.jpg
Pepper Chicken,$10.00,Spice N Flavor,$,000000042.jpg,https://s3-media4.fl.yelpcdn.com/bphoto/x_IaoFsZRrfSAXTAnTv_lw/258s.jpg
Chicken Curry Meal,$9.00,Spice N Flavor,$,000000043.jpg,https://s3-media1.fl.yelpcdn.com/bphoto/beRcqmuz4yfr13swxtT-Mw/258s.jpg
Shrimp Curry,$12.00,Spice N Flavor,$,000000044.jpg,https://s3-media1.fl.yelpcdn.com/bphoto/Vrs76o-EYliD7DBLs6pRCg/258s.jpg
Dry Chicken Fry Meal,$9.50,Spice N Flavor,$,000000045.jpg,https://s3-media3.fl.yelpcdn.com/bphoto/Ga9Heyc0h4BXAiV8xjzfng/258s.jpg
Lentil Soup,$3.50,Cafe Eden,$$,000000046.jpg,https://s3-media1.fl.yelpcdn.com/bphoto/JOVxFEwzuFYvKcIg_zZ5gg/258s.jpg
Baklava,$3.00,Cafe Eden,$$,000000047.jpg,https://s3-media1.fl.yelpcdn.com/bphoto/A4khdG6Wvx5O-yDAyBZyAA/258s.jpg
Chicken Shish-tawouk Platter,$15.00,Cafe Eden,$$,000000048.jpg,https://s3-media3.fl.yelpcdn.com/bphoto/wJ6eJBoFwaPETdl_xFKz8w/258s.jpg
Falafel Platter,$13.00,Cafe Eden,$$,000000049.jpg,https://s3-media3.fl.yelpcdn.com/bphoto/yRcj7qaWbSX9TP-QN90oFw/258s.jpg
Beef Shawarma Wrap,$11.00,Cafe Eden,$$,000000050.jpg,https://s3-media1.fl.yelpcdn.com/bphoto/F9Qe1muP0OaGoEF_SbIRHQ/258s.jpg
Shawarma Chicken Platter,$14.00,Cafe Eden,$$,000000051.jpg,https://s3-media3.fl.yelpcdn.com/bphoto/mKftHfzXXKGsRslJk2DL-w/258s.jpg
Chicken Shawarma Wrap,$10.00,Cafe Eden,$$,000000052.jpg,https://s3-media4.fl.yelpcdn.com/bphoto/cHJWkNJ2pJ_ojNn_lBBo4g/258s.jpg
Beef Kufta Kebab Platter,$15.50,Cafe Eden,$$,000000053.jpg,https://s3-media3.fl.yelpcdn.com/bphoto/vkVLavZ1HkeB_vPmSoOnDg/258s.jpg
Manaeech,$6.00,Cafe Eden,$$,000000054.jpg,https://s3-media1.fl.yelpcdn.com/bphoto/V6iYPDQ-0bDaxhB963-NRA/258s.jpg
Lentil Soup and Tabbuleh Salad,$6.90,Cafe Eden,$$,000000055.jpg,https://s3-media2.fl.yelpcdn.com/bphoto/U8XudwXsYSCJCFJEp82Hhg/258s.jpg
Poblano Chicken Pasty,$5.75,Claudias Pastes,$,000000056.jpg,https://s3-media2.fl.yelpcdn.com/bphoto/QCPIAzcXzf8Hj6AYvv-luw/258s.jpg
Green Mole Chicken Pasty,$5.75,Claudias Pastes,$,000000057.jpg,https://s3-media1.fl.yelpcdn.com/bphoto/ufdbfUf1m6etndRwNsCssA/258s.jpg
Red Mole Chicken Pasty,$5.75,Claudias Pastes,$,000000058.jpg,https://s3-media2.fl.yelpcdn.com/bphoto/fEiwSykm6YcI0HyuljQbNw/258s.jpg
Beef Pasty,$6.50,Claudias Pastes,$,000000059.jpg,https://s3-media3.fl.yelpcdn.com/bphoto/LCwbrforFMV2O1uLN_B5cg/258s.jpg
Spinach and Feta Pasty,$5.75,Claudias Pastes,$,000000060.jpg,https://s3-media3.fl.yelpcdn.com/bphoto/ssupObnHCkO45OeNi0xINA/258s.jpg
Curry Ramen,$7.95,Kumako,$$,000000061.jpg,https://s3-media3.fl.yelpcdn.com/bphoto/1ODpLx9WujXkUYId-vE9Bg/258s.jpg
Shoyu Ramen,$7.95,Kumako,$$,000000062.jpg,https://s3-media4.fl.yelpcdn.com/bphoto/_LX8XpRzTnOp_bXFtxRrLQ/258s.jpg
Special Miso Ramen,$7.95,Kumako,$$,000000063.jpg,https://s3-media2.fl.yelpcdn.com/bphoto/E08lG2AI5HiTOwM3UQK-Ug/258s.jpg
Tonkatsu Ramen,$7.95,Kumako,$$,000000064.jpg,https://s3-media1.fl.yelpcdn.com/bphoto/Dv3n7YUHUpxK5unMu_7oAA/258s.jpg
Charsu Ramen,$8.50,Kumako,$$,000000065.jpg,https://s3-media3.fl.yelpcdn.com/bphoto/r_OnigUe3JdSagum2Ycphg/258s.jpg
Pho Ga,$16.00,Com Ga Nam An,$,000000066.jpg,https://s3-media2.fl.yelpcdn.com/bphoto/4AosyAopJeB-HZo19S0KTw/258s.jpg
Goi Ga,$19.50,Com Ga Nam An,$,000000067.jpg,https://s3-media3.fl.yelpcdn.com/bphoto/UEV2jyhsKj-zw1Pne6usYA/258s.jpg
Pho Ga Kho,$16.50,Com Ga Nam An,$,000000068.jpg,https://s3-media1.fl.yelpcdn.com/bphoto/7jBvOpKK02_01eLdIPuGPw/258s.jpg
Mien Ga,$16.00,Com Ga Nam An,$,000000069.jpg,https://s3-media4.fl.yelpcdn.com/bphoto/gkuMPXZg9qj_mJ95vLBOig/258s.jpg
Chao Ga,$15.00,Com Ga Nam An,$,000000070.jpg,https://s3-media2.fl.yelpcdn.com/bphoto/3RCtQsp2PrZwzG1kj49IIg/258s.jpg
Chao Goi Ga,$16.50,Com Ga Nam An,$,000000071.jpg,https://s3-media3.fl.yelpcdn.com/bphoto/UEV2jyhsKj-zw1Pne6usYA/258s.jpg
Classic Smash,$5.39,Smashburger,$$,000000072.jpg,https://s3-media2.fl.yelpcdn.com/bphoto/Uem7ARyW27jhfSBb08k5vw/258s.jpg
Avocado Ranch Black Bean Burger,$6.39,Smashburger,$$,000000073.jpg,https://s3-media2.fl.yelpcdn.com/bphoto/IgK3UDqsK8xnC4zxvvZdHg/258s.jpg
Vodka Alla Pollo,$18.50,Vito’s Trattoria,$$,000000074.jpg,https://s3-media2.fl.yelpcdn.com/bphoto/xjDhjvFGwXnKC8tL1ka79g/258s.jpg
Tiramisu,$8.00,Vito’s Trattoria,$$,000000075.jpg,https://s3-media3.fl.yelpcdn.com/bphoto/n2Cd_Yt41DCm0ktK4xs03w/258s.jpg
Lasagna,$17.95,Vito’s Trattoria,$$,000000076.jpg,https://s3-media4.fl.yelpcdn.com/bphoto/RzPja0bYyLAyn2RD7xkC5g/258s.jpg
Caprese,$9.50,Vito’s Trattoria,$$,000000077.jpg,https://s3-media1.fl.yelpcdn.com/bphoto/Coj0nY2MnKec2OBXxabPCA/258s.jpg
Caesar Salad,$4.50,Vito’s Trattoria,$$,000000078.jpg,https://s3-media1.fl.yelpcdn.com/bphoto/cw6rgFGk3cWMyiz9uce5tg/258s.jpg
Spinach Salad,$4.50,Vito’s Trattoria,$$,000000079.jpg,https://s3-media2.fl.yelpcdn.com/bphoto/bN6mZruoIDkOOJw5c6YzjQ/258s.jpg
Crab Cakes,$12.95,Vito’s Trattoria,$$,000000080.jpg,https://s3-media4.fl.yelpcdn.com/bphoto/JPtZ1T5nf8Y6-191MVH6ow/258s.jpg
Baked Penne Alla Siciliana,$17.50,Vito’s Trattoria,$$,000000081.jpg,https://s3-media4.fl.yelpcdn.com/bphoto/i2vQyJG8c-rlIPGqCOnQOQ/258s.jpg
Vodka Pollo,$16.50,Vito’s Trattoria,$$,000000082.jpg,https://s3-media4.fl.yelpcdn.com/bphoto/1Q31D-hRDJV0KaljiQ2R8g/258s.jpg
Pasta Primavera,$17.50,Vito’s Trattoria,$$,000000083.jpg,https://s3-media4.fl.yelpcdn.com/bphoto/jXWHLsON1AgYHRVZMtt_Dg/258s.jpg
Pad Thai,$10.00,Bistro Siam,$$,000000084.jpg,https://s3-media4.fl.yelpcdn.com/bphoto/dYowdtenO9laNyYrkewm8w/258s.jpg
Red Curry,$12.00,Bistro Siam,$$,000000085.jpg,https://s3-media3.fl.yelpcdn.com/bphoto/9OZjwjTXsBLuX4wdcDl3rQ/258s.jpg
Crab Fried Rice,$13.00,Bistro Siam,$$,000000086.jpg,https://s3-media1.fl.yelpcdn.com/bphoto/MaO4ktgRm91-20wvW-Cabg/258s.jpg
Pad See-ew,$10.00,Bistro Siam,$$,000000087.jpg,https://s3-media3.fl.yelpcdn.com/bphoto/6Z9BZOmFIBkJg4-NQlDDxA/258s.jpg
Panang Curry,$12.00,Bistro Siam,$$,000000088.jpg,https://s3-media2.fl.yelpcdn.com/bphoto/78s9rbJmlROwu2oBph20qQ/258s.jpg
Yellow Curry,$12.00,Bistro Siam,$$,000000089.jpg,https://s3-media1.fl.yelpcdn.com/bphoto/-TdQGBW1ZFMoE3YMYWh3fw/258s.jpg
Pineapple Fried Rice,$11.00,Bistro Siam,$$,000000090.jpg,https://s3-media4.fl.yelpcdn.com/bphoto/1uSVtzXe7pZSwwoz5UU9bQ/258s.jpg
Green Curry,$12.00,Bistro Siam,$$,000000091.jpg,https://s3-media3.fl.yelpcdn.com/bphoto/7YIemH-vQ8xVaIjGspMJVg/258s.jpg
Thai Bbq Chicken,$12.00,Bistro Siam,$$,000000092.jpg,https://s3-media4.fl.yelpcdn.com/bphoto/xUeU4RQpMMvNwA8z6vGdZQ/258s.jpg
Spicy Fried Rice,$10.00,Bistro Siam,$$,000000093.jpg,https://s3-media3.fl.yelpcdn.com/bphoto/5TcIbXhwrE_z65W-c3hwBg/258s.jpg
Fish and Chips,$7.25,The City Fish,$$,000000094.jpg,https://s3-media2.fl.yelpcdn.com/bphoto/xx1loKnlNy-tvMbuYNqf2g/258s.jpg
Clam Chowder,$3.95,The City Fish,$$,000000095.jpg,https://s3-media1.fl.yelpcdn.com/bphoto/krS6GjuGOfX-ptndAZlVJw/258s.jpg
Lobster Roll,$18.95,The City Fish,$$,000000096.jpg,https://s3-media3.fl.yelpcdn.com/bphoto/guuLfMevU5o5cfM-dZRe7w/258s.jpg
2 Piece Fish Tacos,$7.95,The City Fish,$$,000000097.jpg,https://s3-media4.fl.yelpcdn.com/bphoto/IqoqE94LzElBn01Ocb4sFw/258s.jpg
1 Piece Fried Fish a La Carte,$3.95,The City Fish,$$,000000098.jpg,https://s3-media4.fl.yelpcdn.com/bphoto/i4HesnjXnqPrnXEfbZvEWg/258s.jpg
Crab Cakes,$4.95,The City Fish,$$,000000099.jpg,https://s3-media1.fl.yelpcdn.com/bphoto/7FhqnxEWctPaLNlVNsxlCQ/258s.jpg
Linguini Pasta with Clams and Mussels,$15.95,The City Fish,$$,000000100.jpg,https://s3-media1.fl.yelpcdn.com/bphoto/evg9WJk62KO2LRrksKDp4Q/258s.jpg
Fried Chicken,$4.95,The City Fish,$$,000000101.jpg,https://s3-media1.fl.yelpcdn.com/bphoto/3dXsamL5WHTt0ZGnncnQiQ/258s.jpg
Fried Oyster a La Carte,$1.75,The City Fish,$$,000000102.jpg,https://s3-media4.fl.yelpcdn.com/bphoto/Ov3jtITAr9261MjXGB98FQ/258s.jpg
Carnitas,$17.75,La Paloma,$$,000000103.jpg,https://s3-media1.fl.yelpcdn.com/bphoto/_lTlIALlxpveaX1GsQ0Tig/258s.jpg
Tomatillo Chicken Enchiladas,$18.25,La Paloma,$$,000000104.jpg,https://s3-media1.fl.yelpcdn.com/bphoto/aHpEW6az22quydACNHKQGw/258s.jpg
Carne Asada,$20.95,La Paloma,$$,000000105.jpg,https://s3-media3.fl.yelpcdn.com/bphoto/SSVW8-wN72JXmbA-yKT5Rg/258s.jpg
Chimichanga,$15.50,La Paloma,$$,000000106.jpg,https://s3-media3.fl.yelpcdn.com/bphoto/sLpMHpQUGHFJYSsUCRMETw/258s.jpg
Chicken Fajita Salad,$14.95,La Paloma,$$,000000107.jpg,https://s3-media1.fl.yelpcdn.com/bphoto/YZdppq61LSmyNH0EsoTFKg/258s.jpg
Enchiladas Suizas,$16.25,La Paloma,$$,000000108.jpg,https://s3-media4.fl.yelpcdn.com/bphoto/MzgQ_ewKPdJrnxxN0klv9A/258s.jpg
Caesar Salad,$1.50,Pizza Antica,$$,000000109.jpg,https://s3-media3.fl.yelpcdn.com/bphoto/Dt_oKenpfPqTLIuD8jYZ2g/258s.jpg
Handmade Potato Ricotta Gnocchi,$13.95,Pizza Antica,$$,000000110.jpg,https://s3-media3.fl.yelpcdn.com/bphoto/9Ggs92zXT8I3Ovd5O0WlAw/258s.jpg
Spaghetti,$8.95,Pizza Antica,$$,000000111.jpg,https://s3-media3.fl.yelpcdn.com/bphoto/iOHe_SSWUIub38MsXfo1gA/258s.jpg
Bruschetta,$9.95,Pizza Antica,$$,000000112.jpg,https://s3-media1.fl.yelpcdn.com/bphoto/2qbdbUAYH4nN-8gcBrY5MQ/258s.jpg
Mantu,$16.95,Kabul Afghan Cuisine,$$,000000113.jpg,https://s3-media1.fl.yelpcdn.com/bphoto/U3oJ4adfhkvukNa9L_OG6A/258s.jpg
Aushak,$16.95,Kabul Afghan Cuisine,$$,000000114.jpg,https://s3-media1.fl.yelpcdn.com/bphoto/q19vGw2pP1Ay9IU1Im61cQ/258s.jpg
Baklava,$6.50,Kabul Afghan Cuisine,$$,000000115.jpg,https://s3-media1.fl.yelpcdn.com/bphoto/mF6Oxmp44Sb2yJwyg_mD6A/258s.jpg
Vegetarian Platter,$13.95,Kabul Afghan Cuisine,$$,000000116.jpg,https://s3-media3.fl.yelpcdn.com/bphoto/ihEguLlqOKrCacoRu77lXA/258s.jpg
Bulanee,$6.50,Kabul Afghan Cuisine,$$,000000117.jpg,https://s3-media1.fl.yelpcdn.com/bphoto/UxNzfKo95XpYhDukKI1_LA/258s.jpg
Firnee,$6.50,Kabul Afghan Cuisine,$$,000000118.jpg,https://s3-media4.fl.yelpcdn.com/bphoto/bC_9L50Se27JtxLjXyKTdQ/258s.jpg
Qabili Pallaw,$17.95,Kabul Afghan Cuisine,$$,000000119.jpg,https://s3-media4.fl.yelpcdn.com/bphoto/y1adEmj3n3LDJUYZ5qit_A/258s.jpg
Mater Challaw,$17.95,Kabul Afghan Cuisine,$$,000000120.jpg,https://s3-media3.fl.yelpcdn.com/bphoto/pLDPoibCdZVvFcg2woPjaA/258s.jpg
Karaie,$17.95,Kabul Afghan Cuisine,$$,000000121.jpg,https://s3-media2.fl.yelpcdn.com/bphoto/0BcngPOkSJjljv6zcE_16Q/258s.jpg
Sabsi Challaw,$17.95,Kabul Afghan Cuisine,$$,000000122.jpg,https://s3-media3.fl.yelpcdn.com/bphoto/udL8vcmT9t0PcfPW-XwRlA/258s.jpg
Tea Leaf Salad,$13.00,Kyusu Burmese Cuisine,$$,000000123.jpg,https://s3-media4.fl.yelpcdn.com/bphoto/CWnFpDRFSToqCYmlHhcTtw/258s.jpg
Curry Aroma Chicken,$14.00,Kyusu Burmese Cuisine,$$,000000124.jpg,https://s3-media4.fl.yelpcdn.com/bphoto/DJVYVgAkGCy1XAMSmv-Y-g/258s.jpg
Burmese Chicken Curry,$12.50,Kyusu Burmese Cuisine,$$,000000125.jpg,https://s3-media1.fl.yelpcdn.com/bphoto/IG19UwquBdY1xUWK-Os4pw/258s.jpg
Burmese Style Beef Stew,$15.00,Kyusu Burmese Cuisine,$$,000000126.jpg,https://s3-media1.fl.yelpcdn.com/bphoto/Md4BOokSK5HYaUIrBNzUNw/258s.jpg
Kauk Swe Thoke,$13.00,Kyusu Burmese Cuisine,$$,000000127.jpg,https://s3-media1.fl.yelpcdn.com/bphoto/HMg45lJ_P9BvxFbCskCIRg/258s.jpg
Shan Style Fish and Herbs,$15.00,Kyusu Burmese Cuisine,$$,000000128.jpg,https://s3-media3.fl.yelpcdn.com/bphoto/cXulp9Nq0pynYVqdhjR5BA/258s.jpg
Nan Gyi Thoke,$13.00,Kyusu Burmese Cuisine,$$,000000129.jpg,https://s3-media4.fl.yelpcdn.com/bphoto/KCPCSV3oM0f7i4ou6U97sw/258s.jpg
Coconut Milk Noodle,$13.00,Kyusu Burmese Cuisine,$$,000000130.jpg,https://s3-media1.fl.yelpcdn.com/bphoto/IKYvbsnRboC5PT209jn2VA/258s.jpg
Seik Tar Chet,$18.00,Kyusu Burmese Cuisine,$$,000000131.jpg,https://s3-media4.fl.yelpcdn.com/bphoto/bILHggM6XRhvXSRubd-skA/258s.jpg
Samosa,$7.00,Kyusu Burmese Cuisine,$$,000000132.jpg,https://s3-media2.fl.yelpcdn.com/bphoto/Yi3LDf8tJ9D1ROVmo3cqFw/258s.jpg
Big Sur Pizza,$17.00,Pizza My Heart,$,000000133.jpg,https://s3-media2.fl.yelpcdn.com/bphoto/nklgL4tvnfXdI5f5Mx3xJQ/258s.jpg
Maui Wowie Pizza,$15.00,Pizza My Heart,$,000000134.jpg,https://s3-media2.fl.yelpcdn.com/bphoto/KcKebNlHVbonozxmmPurxQ/258s.jpg
Chicken Tikka Masala,$8.99,Shan,$,000000135.jpg,https://s3-media2.fl.yelpcdn.com/bphoto/aQ-SZVevMlVOEBCH3S7IzA/258s.jpg
Chicken Biryani,$8.99,Shan,$,000000136.jpg,https://s3-media3.fl.yelpcdn.com/bphoto/foMnoj4MhqLYvAx_mpHmbQ/258s.jpg
Chicken Breast Tandoori,$4.99,Shan,$,000000137.jpg,https://s3-media4.fl.yelpcdn.com/bphoto/pj8EoBtMLc_8db6bnQGBjA/258s.jpg
Basmati Rice,$2.99,Shan,$,000000138.jpg,https://s3-media2.fl.yelpcdn.com/bphoto/cIg2wGEFEv99hVh0ctI0ng/258s.jpg
Chicken Karahi Special,$9.49,Shan,$,000000139.jpg,https://s3-media4.fl.yelpcdn.com/bphoto/JZAQvc7_Sw0JLAWslfI_ww/258s.jpg
Chicken Kofta,$8.99,Shan,$,000000140.jpg,https://s3-media2.fl.yelpcdn.com/bphoto/phqZj1ojiHebl4wso-D13Q/258s.jpg
Chicken Kebab Roll,$5.99,Shan,$,000000141.jpg,https://s3-media1.fl.yelpcdn.com/bphoto/nggK3v49nuANkMO0kkjJng/258s.jpg
Chicken Leg Tandoori,$4.49,Shan,$,000000142.jpg,https://s3-media2.fl.yelpcdn.com/bphoto/KCHm7rAdjsILZnCakd8XYg/258s.jpg
Lamb Curry,$9.49,Shan,$,000000143.jpg,https://s3-media2.fl.yelpcdn.com/bphoto/aQ-SZVevMlVOEBCH3S7IzA/258s.jpg
Paneer Tikka,$6.99,Shan,$,000000144.jpg,https://s3-media3.fl.yelpcdn.com/bphoto/J9u_o3flcvFcDQW48I8qcA/258s.jpg
Banh Khot,$8.95,Vung Tau Restaurant,$$,000000145.jpg,https://s3-media4.fl.yelpcdn.com/bphoto/iTzOAL_reKMhOjaMMLyAVg/258s.jpg
Canh Sung Vung Tau,$16.50,Vung Tau Restaurant,$$,000000146.jpg,https://s3-media2.fl.yelpcdn.com/bphoto/flpKZX-x1sluuYh9_f8jJA/258s.jpg
Ba Nam Sa Dec,$9.75,Vung Tau Restaurant,$$,000000147.jpg,https://s3-media1.fl.yelpcdn.com/bphoto/CVAGLADXN7Jw4jPiGmpPog/258s.jpg
Canh Chua,$10.50,Vung Tau Restaurant,$$,000000148.jpg,https://s3-media1.fl.yelpcdn.com/bphoto/dc3N6-NA-tFSSS-FcGzJaA/258s.jpg
Bo Luc Lac,$15.50,Vung Tau Restaurant,$$,000000149.jpg,https://s3-media3.fl.yelpcdn.com/bphoto/fEayCt8fQetbLzSWg7nHrw/258s.jpg
Cha Gio,$7.50,Vung Tau Restaurant,$$,000000150.jpg,https://s3-media2.fl.yelpcdn.com/bphoto/RbPnjHE6OFPW9c27fviI5w/258s.jpg
Bun Bo Hue,$9.25,Vung Tau Restaurant,$$,000000151.jpg,https://s3-media3.fl.yelpcdn.com/bphoto/FzTABhjMctOF-v8vJpAGMQ/258s.jpg
Banh Hoi,$4.50,Vung Tau Restaurant,$$,000000152.jpg,https://s3-media1.fl.yelpcdn.com/bphoto/AfT2mtHRY4t0IDl-dl5HXQ/258s.jpg
Nam Vang,$9.75,Vung Tau Restaurant,$$,000000153.jpg,https://s3-media4.fl.yelpcdn.com/bphoto/TVgTdZuwnGMi7vc2Spsq8A/258s.jpg
Cheesesteak,$9.95,St. John’s Bar &amp; Grill,$$,000000154.jpg,https://s3-media2.fl.yelpcdn.com/bphoto/HD9fkYQKtlM0WZdtRcnR-g/258s.jpg
Cheeseburger,$8.65,St. John’s Bar &amp; Grill,$$,000000155.jpg,https://s3-media2.fl.yelpcdn.com/bphoto/YyMcno3sIlBkUK1tlcEqlQ/258s.jpg
The Big Daddy,$14.50,St. John’s Bar &amp; Grill,$$,000000156.jpg,https://s3-media1.fl.yelpcdn.com/bphoto/ND3T4ogrp2gYwZMVEuIIOw/258s.jpg
Bacon Swiss Burger,$9.65,St. John’s Bar &amp; Grill,$$,000000157.jpg,https://s3-media2.fl.yelpcdn.com/bphoto/pCX4ugBIuYykTjgZx2LQGA/258s.jpg
Hickory Burger,$8.95,St. John’s Bar &amp; Grill,$$,000000158.jpg,https://s3-media1.fl.yelpcdn.com/bphoto/qBEkG2vEd4-qGPYlYJQ_DQ/258s.jpg
Deep Fried Zucchini,$5.75,St. John’s Bar &amp; Grill,$$,000000159.jpg,https://s3-media1.fl.yelpcdn.com/bphoto/tPenJsqF4N92XtBe4ojHXQ/258s.jpg
Cajun Burger,$8.95,St. John’s Bar &amp; Grill,$$,000000160.jpg,https://s3-media2.fl.yelpcdn.com/bphoto/gvZK09bfwerzrZPE-7ZoNg/258s.jpg
Guaco Bacon Burger,$10.50,St. John’s Bar &amp; Grill,$$,000000161.jpg,https://s3-media1.fl.yelpcdn.com/bphoto/qiEP5f_lSZziYTCYb8QxgQ/258s.jpg
Jalapeno Poppers,$5.95,St. John’s Bar &amp; Grill,$$,000000162.jpg,https://s3-media1.fl.yelpcdn.com/bphoto/grsrlWNA6bpBDbzfBB_BcQ/258s.jpg
Tritip Tuesday Santa Maria Tri Tip Sandwich,$7.75,St. John’s Bar &amp; Grill,$$,000000163.jpg,https://s3-media2.fl.yelpcdn.com/bphoto/Eze2EqTLahXudI-Cm9KQ0A/258s.jpg
California Roll,$5.25,Okayama Express,$$,000000164.jpg,https://s3-media3.fl.yelpcdn.com/bphoto/4vX2mxiB6xFg6NNPlIQYnQ/258s.jpg
Hawaiian Roll,$14.95,Okayama Express,$$,000000165.jpg,https://s3-media4.fl.yelpcdn.com/bphoto/_o3wDbdPWJ67lhldzGzljg/258s.jpg
Gyoza,$5.50,Okayama Express,$$,000000166.jpg,https://s3-media1.fl.yelpcdn.com/bphoto/4dKCXSk7stRO6-SwkN1uYQ/258s.jpg
Hamachi,$10.50,Okayama Express,$$,000000167.jpg,https://s3-media3.fl.yelpcdn.com/bphoto/B4Eua2GeAQPJ1li-kUpJpw/258s.jpg
Double Roll,$14.95,Okayama Express,$$,000000168.jpg,https://s3-media1.fl.yelpcdn.com/bphoto/RzmdS-Mj7fhEOV8yAG-aVQ/258s.jpg
Sharks Roll,$10.20,Okayama Express,$$,000000169.jpg,https://s3-media3.fl.yelpcdn.com/bphoto/mxSV5VTBwQhIvDErz3ipUg/258s.jpg
Fantasy Roll,$14.50,Okayama Express,$$,000000170.jpg,https://s3-media4.fl.yelpcdn.com/bphoto/_KUKkss6damP5iGk9v7ZBg/258s.jpg
Toro,$24.95,Okayama Express,$$,000000171.jpg,https://s3-media2.fl.yelpcdn.com/bphoto/lV_if3clpfwDueE9sU59nw/258s.jpg
Golden California Roll,$6.75,Okayama Express,$$,000000172.jpg,https://s3-media3.fl.yelpcdn.com/bphoto/ag87wgB-9PBAw7Nk-H7Mxg/258s.jpg
Chicken Katsu,$15.50,Okayama Express,$$,000000173.jpg,https://s3-media4.fl.yelpcdn.com/bphoto/rEsiAFSUlmMXjlzaf9AaaQ/258s.jpg
Chicken Shawarma Rice Bowl,$11.00,Sajj Mediterranean,$$,000000174.jpg,https://s3-media3.fl.yelpcdn.com/bphoto/NOTyeGt7GKuYmFZYWHbckQ/258s.jpg
Falafel Wrap,$9.50,Sajj Mediterranean,$$,000000175.jpg,https://s3-media1.fl.yelpcdn.com/bphoto/OaawQjZYHmEpgrlLa1l8QQ/258s.jpg
Falafel Rice Bowl,$9.50,Sajj Mediterranean,$$,000000176.jpg,https://s3-media4.fl.yelpcdn.com/bphoto/WTXuNENfqAU_hQ4n5ex0Kw/258s.jpg
Falafel Salad,$10.50,Sajj Mediterranean,$$,000000177.jpg,https://s3-media3.fl.yelpcdn.com/bphoto/QtVns4c8T02nIXjdINz07A/258s.jpg
Grilled Pork Spring Roll,$7.00,Vespa Restaurant,$$,000000178.jpg,https://s3-media1.fl.yelpcdn.com/bphoto/Rn6kw5omap3mKn7jP2NnbA/258s.jpg
Garlic Noodles,$6.00,Vespa Restaurant,$$,000000179.jpg,https://s3-media4.fl.yelpcdn.com/bphoto/kVdc0-I2WghpMSeDqhXrKg/258s.jpg
Bun Bo Hue,$12.00,Vespa Restaurant,$$,000000180.jpg,https://s3-media2.fl.yelpcdn.com/bphoto/ZhQioEJDeOBXheokVSEDFw/258s.jpg
Vespa Crispy Egg Roll,$6.00,Vespa Restaurant,$$,000000181.jpg,https://s3-media2.fl.yelpcdn.com/bphoto/SxYF9Naw2riRirgASpspbg/258s.jpg
Pan Seared Sea Bass,$32.00,Vespa Restaurant,$$,000000182.jpg,https://s3-media3.fl.yelpcdn.com/bphoto/zBLwE__j8CJw37GEnMfhMw/258s.jpg
Fried Calamari,$8.00,Vespa Restaurant,$$,000000183.jpg,https://s3-media1.fl.yelpcdn.com/bphoto/akH_9BmKrpYwY6xXwfGCNQ/258s.jpg
Smoked Hot Links,$5.00,Smoked Out BBQ,$$,000000184.jpg,https://s3-media1.fl.yelpcdn.com/bphoto/Ns6k7xfp1nKQ2FDtv7_SOQ/258s.jpg
Smoked Hot Link Sandwich,$13.00,Smoked Out BBQ,$$,000000185.jpg,https://s3-media1.fl.yelpcdn.com/bphoto/Ns6k7xfp1nKQ2FDtv7_SOQ/258s.jpg
Smoked Pork Ribs,$17.00,Smoked Out BBQ,$$,000000186.jpg,https://s3-media3.fl.yelpcdn.com/bphoto/Rvu6gFfpIqGSM_bzYsxJFQ/258s.jpg
Smoked Tri-tip Sandwich,$16.00,Smoked Out BBQ,$$,000000187.jpg,https://s3-media4.fl.yelpcdn.com/bphoto/mF7CazWbPwKGSQoV-0qBbg/258s.jpg
Smoked Brisket Sandwich,$16.00,Smoked Out BBQ,$$,000000188.jpg,https://s3-media2.fl.yelpcdn.com/bphoto/_E9bwv2LHd-E4TS6kionMg/258s.jpg
Smoked Pulled Pork Sandwich,$14.00,Smoked Out BBQ,$$,000000189.jpg,https://s3-media1.fl.yelpcdn.com/bphoto/5St1sOzOADrdTz0ZkNybsg/258s.jpg
Hawaiian Sweet Roll,$0.75,Smoked Out BBQ,$$,000000190.jpg,https://s3-media2.fl.yelpcdn.com/bphoto/jmuIXKFZ3hLZKE6yBXHIrA/258s.jpg
Butter Chicken Pizza,$12.95,Parktown Pizza Company,$$,000000191.jpg,https://s3-media2.fl.yelpcdn.com/bphoto/lIHvUk56tPBLj_1qitMZHw/258s.jpg
Top Gun Pizza,$12.95,Parktown Pizza Company,$$,000000192.jpg,https://s3-media2.fl.yelpcdn.com/bphoto/MDr-Nvm6Gn6P5ygTERZHAA/258s.jpg
Tandoori Wings,$8.95,Parktown Pizza Company,$$,000000193.jpg,https://s3-media2.fl.yelpcdn.com/bphoto/F-B9MDjho_CmK8rTwn81gA/258s.jpg
Chili Paneer Pizza,$12.95,Parktown Pizza Company,$$,000000194.jpg,https://s3-media2.fl.yelpcdn.com/bphoto/I3CoDEBCzz16wVhxh27ZPw/258s.jpg
Garlic Paneer Pizza,$12.95,Parktown Pizza Company,$$,000000195.jpg,https://s3-media1.fl.yelpcdn.com/bphoto/9KC9rMjVMO37ShNu-ubuzg/258s.jpg
Veggie Masala Pizza,$12.95,Parktown Pizza Company,$$,000000196.jpg,https://s3-media1.fl.yelpcdn.com/bphoto/GsLEzDBVoXhYxE0frg8jqQ/258s.jpg
Hot Wings,$8.95,Parktown Pizza Company,$$,000000197.jpg,https://s3-media3.fl.yelpcdn.com/bphoto/0WMsPEO8-2rHP7lWON6_Dg/258s.jpg
Korean Fried Chicken,$8.47,Starbird,$$,000000198.jpg,https://s3-media2.fl.yelpcdn.com/bphoto/ynQzNZjekHWGyMWhdMUpng/258s.jpg
Asian Chicken Salad,$11.47,Starbird,$$,000000199.jpg,https://s3-media1.fl.yelpcdn.com/bphoto/M-9cpHaguFFPqrHdE2Pp9g/258s.jpg
Green Goddess Cobb Salad,$11.47,Starbird,$$,000000200.jpg,https://s3-media4.fl.yelpcdn.com/bphoto/aKLt1IfW1SQZkAUmwZL4bA/258s.jpg
Chicken Chop Salad,$11.47,Starbird,$$,000000201.jpg,https://s3-media1.fl.yelpcdn.com/bphoto/VKZvlN2FxcKTuBhKNMXugw/258s.jpg
Free Range Ranch,$9.27,Starbird,$$,000000202.jpg,https://s3-media3.fl.yelpcdn.com/bphoto/XVHXk10BrkOqs-5nR3CICw/258s.jpg
Backyard Bbq,$8.47,Starbird,$$,000000203.jpg,https://s3-media4.fl.yelpcdn.com/bphoto/spiiTWxxWRqYs6lKhPMbiQ/258s.jpg
California Roll,$4.27,Starbird,$$,000000204.jpg,https://s3-media3.fl.yelpcdn.com/bphoto/hdp1TsFt0LIrCJ75nx_tcA/258s.jpg
Senor Baja Taco,$4.27,Starbird,$$,000000205.jpg,https://s3-media4.fl.yelpcdn.com/bphoto/TKH_F11Fr0Tb6oI2qJikPQ/258s.jpg
Nashville Hotbird,$9.27,Starbird,$$,000000206.jpg,https://s3-media2.fl.yelpcdn.com/bphoto/2aPzcqKRwOmH0vYvAYWSiw/258s.jpg
The Mediterranean Salad,$11.47,Starbird,$$,000000207.jpg,https://s3-media3.fl.yelpcdn.com/bphoto/7WAcge7-I60DvTJoHxT_3Q/258s.jpg
Uni Pasta,$28.00,EMC Seafood &amp; Raw Bar,$$$,000000208.jpg,https://s3-media2.fl.yelpcdn.com/bphoto/ZthAzZkfm0Ex5DEiSGFwmQ/258s.jpg
Garlic Noodles,$11.00,EMC Seafood &amp; Raw Bar,$$$,000000209.jpg,https://s3-media1.fl.yelpcdn.com/bphoto/6hQObbYYD0t8XEFqpkD6cA/258s.jpg
Truffle Crab Garlic Noodles,$28.00,EMC Seafood &amp; Raw Bar,$$$,000000210.jpg,https://s3-media4.fl.yelpcdn.com/bphoto/2FlpFq3nVZKc79U0TPojUw/258s.jpg
Truffle Salmon Carpaccio,$16.00,EMC Seafood &amp; Raw Bar,$$$,000000211.jpg,https://s3-media2.fl.yelpcdn.com/bphoto/d5rsut80msVpcNGjGOargw/258s.jpg
Soft Shell Crab Sliders,$15.00,EMC Seafood &amp; Raw Bar,$$$,000000212.jpg,https://s3-media4.fl.yelpcdn.com/bphoto/YnF1KJ8LVS46ibaT2UEwpw/258s.jpg
Fries with Truffle Mushroom Aioli,$7.00,EMC Seafood &amp; Raw Bar,$$$,000000213.jpg,https://s3-media1.fl.yelpcdn.com/bphoto/UUOhAySxBHzDgK4vzYqOMg/258s.jpg
Lobster Roll,$24.00,EMC Seafood &amp; Raw Bar,$$$,000000214.jpg,https://s3-media3.fl.yelpcdn.com/bphoto/YyUDwcv1C6aw-H2uMBbqkQ/258s.jpg
Hokkaido Scallop Carpaccio,$14.00,EMC Seafood &amp; Raw Bar,$$$,000000215.jpg,https://s3-media3.fl.yelpcdn.com/bphoto/BO-0wvTMaFkr_r5Tmhc7kw/258s.jpg
Truffle Salmon Roll,$19.00,EMC Seafood &amp; Raw Bar,$$$,000000216.jpg,https://s3-media2.fl.yelpcdn.com/bphoto/RZTKBVTcmuYLOnT7NMXCJA/258s.jpg
Grilled Fish Tacos,$9.00,EMC Seafood &amp; Raw Bar,$$$,000000217.jpg,https://s3-media4.fl.yelpcdn.com/bphoto/29MSF7q59y-Q-8zqMJZiSA/258s.jpg
Lamb and Beef Gyro,$10.75,Greek Spot,$$,000000218.jpg,https://s3-media3.fl.yelpcdn.com/bphoto/vg9jJFcdfA0iOxRTK-YP3w/258s.jpg
Gyro Plate,$18.75,Greek Spot,$$,000000219.jpg,https://s3-media1.fl.yelpcdn.com/bphoto/Mmvw7eGobhIusiKR4H4s_Q/258s.jpg
Chicken Gyro,$10.75,Greek Spot,$$,000000220.jpg,https://s3-media1.fl.yelpcdn.com/bphoto/07ULTRdj0f_wyR32VXC_DA/258s.jpg
Tzatziki,$6.50,Greek Spot,$$,000000221.jpg,https://s3-media4.fl.yelpcdn.com/bphoto/xBr1zIfT54bYYwU-POWh1Q/258s.jpg
Gyro Salad,$14.00,Greek Spot,$$,000000222.jpg,https://s3-media1.fl.yelpcdn.com/bphoto/8LSGGX90wAZ82VAfhzpw2g/258s.jpg
Baklava,$3.75,Greek Spot,$$,000000223.jpg,https://s3-media2.fl.yelpcdn.com/bphoto/XrpUkjKWEcDn7SxyML8i2g/258s.jpg
Chicken Souvlaki,$10.75,Greek Spot,$$,000000224.jpg,https://s3-media3.fl.yelpcdn.com/bphoto/qkpQIYFSB7OAE9E3WN_t9w/258s.jpg
Souvlaki Plate,$21.25,Greek Spot,$$,000000225.jpg,https://s3-media4.fl.yelpcdn.com/bphoto/X-rA82RfOqLbofRzhyE1Eg/258s.jpg
Pork Gyro,$10.75,Greek Spot,$$,000000226.jpg,https://s3-media3.fl.yelpcdn.com/bphoto/Lvi-DMKCL9ZuIaOmo8l2hQ/258s.jpg
Loukoumades,$6.50,Greek Spot,$$,000000227.jpg,https://s3-media4.fl.yelpcdn.com/bphoto/CU8_qqpnyo_bPJyXh-Exlw/258s.jpg
Braised Pork,$9.49,Tastier Panburger,$,000000228.jpg,https://s3-media2.fl.yelpcdn.com/bphoto/cvtGIOoeGdiQR6yPfX2ODQ/258s.jpg
Beef Panburger,$1.99,Tastier Panburger,$,000000229.jpg,https://s3-media4.fl.yelpcdn.com/bphoto/M23KC8NHUgrkTFJtrwvTEQ/258s.jpg
Pork Panburger,$1.99,Tastier Panburger,$,000000230.jpg,https://s3-media4.fl.yelpcdn.com/bphoto/l51Qm4RqEOuntF99cDuanw/258s.jpg
Shrimp and Pork Wonton Soup,$7.50,Tastier Panburger,$,000000231.jpg,https://s3-media4.fl.yelpcdn.com/bphoto/ATrlWP7ZsOU1temWtFi7MQ/258s.jpg
Stick Roll Hangzhou,$3.99,Tastier Panburger,$,000000232.jpg,https://s3-media1.fl.yelpcdn.com/bphoto/Hcdu2oaPyf3rcACQYtlbgA/258s.jpg
House Special Combo,$10.49,Tastier Panburger,$,000000233.jpg,https://s3-media3.fl.yelpcdn.com/bphoto/jh5lQ7JFfNqJlvW2oyqWog/258s.jpg
Bulgogi,$14.99,Bibimbowl,$$,000000234.jpg,https://s3-media1.fl.yelpcdn.com/bphoto/QMzzNmX-ghPlYUyXgB-GCQ/258s.jpg
Bibim Bowl,$9.99,Bibimbowl,$$,000000235.jpg,https://s3-media2.fl.yelpcdn.com/bphoto/QsrKyWH2ebM_ndIzY-Bzfg/258s.jpg
Sizzling Pan Bowl,$11.99,Bibimbowl,$$,000000236.jpg,https://s3-media2.fl.yelpcdn.com/bphoto/_u3WdFjVFkH8MoG8r1I3Lg/258s.jpg
Galbi,$17.99,Bibimbowl,$$,000000237.jpg,https://s3-media4.fl.yelpcdn.com/bphoto/vT72WRwbPQVKrPpHIbCuyg/258s.jpg
Seafood Tofu Soup,$11.99,Bibimbowl,$$,000000238.jpg,https://s3-media3.fl.yelpcdn.com/bphoto/slMYzXA42LB47goJ-uGvtQ/258s.jpg
Koobideh Combo Chicken and Beef,$15.95,Kolbeh,$$,000000239.jpg,https://s3-media4.fl.yelpcdn.com/bphoto/lWZQtEZOQrAxb1WLOaa_iA/258s.jpg
Beef Koobideh Kabob,$15.95,Kolbeh,$$,000000240.jpg,https://s3-media1.fl.yelpcdn.com/bphoto/MIwDDsYCXcdNmU4UcPT6Qg/258s.jpg
Chicken Koobideh Kabob,$15.95,Kolbeh,$$,000000241.jpg,https://s3-media3.fl.yelpcdn.com/bphoto/Ky5pawiMBhvg6DCjzU39Dg/258s.jpg
Gyros Plate,$14.95,Kolbeh,$$,000000242.jpg,https://s3-media4.fl.yelpcdn.com/bphoto/7sWzgFRcCHl0C00LXV0Gew/258s.jpg
Falafel Wrap,$9.95,Kolbeh,$$,000000243.jpg,https://s3-media3.fl.yelpcdn.com/bphoto/ETNI62jvTDOyz5L5sUTjrw/258s.jpg
Falafel Plate,$12.95,Kolbeh,$$,000000244.jpg,https://s3-media4.fl.yelpcdn.com/bphoto/OU9EYIz_2ooef57HUpH1_g/258s.jpg
Dolma,$5.95,Kolbeh,$$,000000245.jpg,https://s3-media2.fl.yelpcdn.com/bphoto/NWs5TpHotLoeoDD1m6jGeQ/258s.jpg
Gyros Wrap,$11.95,Kolbeh,$$,000000246.jpg,https://s3-media3.fl.yelpcdn.com/bphoto/2pvDZXxvEnZKiJo1vXfl7Q/258s.jpg
Joojeh Kabob,$16.95,Kolbeh,$$,000000247.jpg,https://s3-media4.fl.yelpcdn.com/bphoto/r8H8MbED40b1Xk9-hZJd-A/258s.jpg
Mahi Kabob,$19.95,Kolbeh,$$,000000248.jpg,https://s3-media2.fl.yelpcdn.com/bphoto/PkrBaX7NuXOEHNpnC77sIg/258s.jpg
Burrata,$9.00,Vino Vino,$$,000000249.jpg,https://s3-media2.fl.yelpcdn.com/bphoto/LI4Er6yEh8k43b6VyunyTQ/258s.jpg
Cheese and Meat Plate,$19.00,Vino Vino,$$,000000250.jpg,https://s3-media4.fl.yelpcdn.com/bphoto/ft8P4LDct2mKB7HqyvzCnQ/258s.jpg
Smoked Salmon Crostini,$9.00,Vino Vino,$$,000000251.jpg,https://s3-media1.fl.yelpcdn.com/bphoto/4-cxp1Me4j4jy4hQAUi08A/258s.jpg
Bruschetta,$8.00,Vino Vino,$$,000000252.jpg,https://s3-media1.fl.yelpcdn.com/bphoto/Tp5EpqO1AsIMFgo10gcIiw/258s.jpg
Brie Fig Prosciutto Crostini,$9.00,Vino Vino,$$,000000253.jpg,https://s3-media2.fl.yelpcdn.com/bphoto/qHpUiNupVe_INBmg8ELpSQ/258s.jpg
Ham and Brie Panini,$11.00,Vino Vino,$$,000000254.jpg,https://s3-media4.fl.yelpcdn.com/bphoto/jsDeE5KrlbrgVobIj4TrMg/258s.jpg
Smoked Salmon Panini,$13.00,Vino Vino,$$,000000255.jpg,https://s3-media4.fl.yelpcdn.com/bphoto/j5HMaBsQK3FWICIBj27ytg/258s.jpg
Grilled Truffle Cheese Panini,$10.00,Vino Vino,$$,000000256.jpg,https://s3-media1.fl.yelpcdn.com/bphoto/dgAFnjC7ox8uyyBE6oiPog/258s.jpg
Chocolate Truffle Cake,$9.00,Vino Vino,$$,000000257.jpg,https://s3-media1.fl.yelpcdn.com/bphoto/xL1fcC5A6z4miWmpI_u_5w/258s.jpg
Chicken Pesto Panini,$11.00,Vino Vino,$$,000000258.jpg,https://s3-media2.fl.yelpcdn.com/bphoto/-d8LLYRfvCDyjdV1uE96qg/258s.jpg
Lomo Saltado,$24.00,Sipan Peruvian Restaurant &amp; Bar,$$,000000259.jpg,https://s3-media4.fl.yelpcdn.com/bphoto/-hSuAqPxUh04_XcF2-Qqpg/258s.jpg
Cau Cau De Mariscos,$22.00,Sipan Peruvian Restaurant &amp; Bar,$$,000000260.jpg,https://s3-media4.fl.yelpcdn.com/bphoto/pDRzHAwW3Z7CMCUiSbgSNg/258s.jpg
Salmon a La Parrilla Con Quinotto,$22.00,Sipan Peruvian Restaurant &amp; Bar,$$,000000261.jpg,https://s3-media2.fl.yelpcdn.com/bphoto/rKDiPvwcyWWYCMeJw60j5Q/258s.jpg
Bisteck a Lo Pobre,$26.00,Sipan Peruvian Restaurant &amp; Bar,$$,000000262.jpg,https://s3-media1.fl.yelpcdn.com/bphoto/E5OIyKJiLGJ2nTLSn56cCQ/258s.jpg
Cake Sipan,$8.00,Sipan Peruvian Restaurant &amp; Bar,$$,000000263.jpg,https://s3-media4.fl.yelpcdn.com/bphoto/_7JUjg_bejvg7m71rIUwqQ/258s.jpg
Paella De Mariscos,$26.00,Sipan Peruvian Restaurant &amp; Bar,$$,000000264.jpg,https://s3-media4.fl.yelpcdn.com/bphoto/91MB0Y71NSrV1skj9cxeLw/258s.jpg
Bbq Pork Bun,$1.75,Dim Sum King,$,000000265.jpg,https://s3-media2.fl.yelpcdn.com/bphoto/KdUXE1SbXqBkay6eVe7LEA/258s.jpg
3 Pieces Vegetarian Sticky Y Rice Siu Mai,$3.45,Dim Sum King,$,000000266.jpg,https://s3-media1.fl.yelpcdn.com/bphoto/L71w5TpynVBKVbI2745v5Q/258s.jpg
3 Pieces Shrimp Dumpling,$3.45,Dim Sum King,$,000000267.jpg,https://s3-media1.fl.yelpcdn.com/bphoto/yCZNKhYOXoMGTXsXA8oIxg/258s.jpg
3 Pieces Shrimp and Pork Dumpling,$3.45,Dim Sum King,$,000000268.jpg,https://s3-media4.fl.yelpcdn.com/bphoto/HqVUJnC1sPATdxHwbVAg8Q/258s.jpg
3 Pieces Sticky Rice Wrapped Lotus Leaf,$3.45,Dim Sum King,$,000000269.jpg,https://s3-media2.fl.yelpcdn.com/bphoto/vBDBmnfzg4qDjoAg3yc5aw/258s.jpg
3 Pieces Shrimp and Spinach Dumpling,$3.45,Dim Sum King,$,000000270.jpg,https://s3-media4.fl.yelpcdn.com/bphoto/Xok08O1-xbH_z9WIjjlkKw/258s.jpg
Baked Egg Custard Bun,$1.75,Dim Sum King,$,000000271.jpg,https://s3-media1.fl.yelpcdn.com/bphoto/xh0BaSMw6779B9jPIsBG9g/258s.jpg
3 Pieces Pork and Cabbage Bun,$3.45,Dim Sum King,$,000000272.jpg,https://s3-media3.fl.yelpcdn.com/bphoto/LLXr1I4aCW1rNrzwLTq6tQ/258s.jpg
Beef Stew,$5.50,Dim Sum King,$,000000273.jpg,https://s3-media3.fl.yelpcdn.com/bphoto/KOqH7oEWbivKTuX4B71Zjw/258s.jpg
Burrata,$9.00,Vino Vino,$$,000000274.jpg,https://s3-media2.fl.yelpcdn.com/bphoto/LI4Er6yEh8k43b6VyunyTQ/258s.jpg
Cheese and Meat Plate,$19.00,Vino Vino,$$,000000275.jpg,https://s3-media4.fl.yelpcdn.com/bphoto/ft8P4LDct2mKB7HqyvzCnQ/258s.jpg
Smoked Salmon Crostini,$9.00,Vino Vino,$$,000000276.jpg,https://s3-media1.fl.yelpcdn.com/bphoto/4-cxp1Me4j4jy4hQAUi08A/258s.jpg
Bruschetta,$8.00,Vino Vino,$$,000000277.jpg,https://s3-media1.fl.yelpcdn.com/bphoto/Tp5EpqO1AsIMFgo10gcIiw/258s.jpg
Brie Fig Prosciutto Crostini,$9.00,Vino Vino,$$,000000278.jpg,https://s3-media2.fl.yelpcdn.com/bphoto/qHpUiNupVe_INBmg8ELpSQ/258s.jpg
Ham and Brie Panini,$11.00,Vino Vino,$$,000000279.jpg,https://s3-media4.fl.yelpcdn.com/bphoto/jsDeE5KrlbrgVobIj4TrMg/258s.jpg
Smoked Salmon Panini,$13.00,Vino Vino,$$,000000280.jpg,https://s3-media4.fl.yelpcdn.com/bphoto/j5HMaBsQK3FWICIBj27ytg/258s.jpg
Grilled Truffle Cheese Panini,$10.00,Vino Vino,$$,000000281.jpg,https://s3-media1.fl.yelpcdn.com/bphoto/dgAFnjC7ox8uyyBE6oiPog/258s.jpg
Chocolate Truffle Cake,$9.00,Vino Vino,$$,000000282.jpg,https://s3-media1.fl.yelpcdn.com/bphoto/xL1fcC5A6z4miWmpI_u_5w/258s.jpg
Chicken Pesto Panini,$11.00,Vino Vino,$$,000000283.jpg,https://s3-media2.fl.yelpcdn.com/bphoto/-d8LLYRfvCDyjdV1uE96qg/258s.jpg
Google Roll,$14.95,Hon Sushi,$$,000000284.jpg,https://s3-media2.fl.yelpcdn.com/bphoto/ueB4QisLtJ6HgGQJHWYxyw/258s.jpg
Lion King Roll,$13.95,Hon Sushi,$$,000000285.jpg,https://s3-media2.fl.yelpcdn.com/bphoto/1x6aSLfuQU39Iq_Oz-OPag/258s.jpg
Gyoza,$5.95,Hon Sushi,$$,000000286.jpg,https://s3-media1.fl.yelpcdn.com/bphoto/HDMLILlRGLhfNdgcJ91PIw/258s.jpg
Dragon Roll,$13.95,Hon Sushi,$$,000000287.jpg,https://s3-media4.fl.yelpcdn.com/bphoto/kX4hd7iyRutur7mqiurkKw/258s.jpg
Salmon Sashimi,$9.95,Hon Sushi,$$,000000288.jpg,https://s3-media4.fl.yelpcdn.com/bphoto/Tl6VkcO6HmnLAdLdjVfosQ/258s.jpg
California Roll,$5.95,Hon Sushi,$$,000000289.jpg,https://s3-media2.fl.yelpcdn.com/bphoto/zCXFo6d0iMnxvLouXSnkkQ/258s.jpg
Seaweed Salad,$5.95,Hon Sushi,$$,000000290.jpg,https://s3-media3.fl.yelpcdn.com/bphoto/-WGK8qBbmKNmx60RVLgBmQ/258s.jpg
Rainbow Roll,$13.95,Hon Sushi,$$,000000291.jpg,https://s3-media4.fl.yelpcdn.com/bphoto/agjl8Wi-CKuuFktzV_1-hg/258s.jpg
Double Hamachi Roll,$13.95,Hon Sushi,$$,000000292.jpg,https://s3-media3.fl.yelpcdn.com/bphoto/DknFJymp0ym8PLGfC05TTA/258s.jpg
Spicy Tuna Roll,$6.95,Hon Sushi,$$,000000293.jpg,https://s3-media1.fl.yelpcdn.com/bphoto/snb_wDBuZgiIFbCsCgdRUg/258s.jpg
Reuben,$17.95,The Refuge,$$,000000294.jpg,https://s3-media3.fl.yelpcdn.com/bphoto/FrxTq9_6QvoZOzo4WPkY8A/258s.jpg
Pastrami Burger,$17.50,The Refuge,$$,000000295.jpg,https://s3-media4.fl.yelpcdn.com/bphoto/FrOqudrwz9JfHLTaStp-yA/258s.jpg
Ohio Burger,$14.00,The Refuge,$$,000000296.jpg,https://s3-media4.fl.yelpcdn.com/bphoto/I1MZJRVXvD2IOcLKw7N7kA/258s.jpg
Original Pastrami Chopped Salad,$14.00,The Refuge,$$,000000297.jpg,https://s3-media2.fl.yelpcdn.com/bphoto/cvjx5JkTNGt1AWl1ZsTGSw/258s.jpg
Kiev Style Chopped Chicken Liver,$10.00,The Refuge,$$,000000298.jpg,https://s3-media3.fl.yelpcdn.com/bphoto/MpPRRkdC8rhHgTqAE8VVag/258s.jpg
Mole Burger,$16.50,The Refuge,$$,000000299.jpg,https://s3-media1.fl.yelpcdn.com/bphoto/NWP_Wvws8KPgnVtuwJH5Jg/258s.jpg
Seared Tilapia Sandwich,$12.00,The Refuge,$$,000000300.jpg,https://s3-media4.fl.yelpcdn.com/bphoto/Jj9Isw1hQcdnd-YNXRsSfg/258s.jpg
Wit Cheesesteak,$12.00,The Refuge,$$,000000301.jpg,https://s3-media3.fl.yelpcdn.com/bphoto/YowGNCxIsBwrfaopV9AGKA/258s.jpg
Cheddar Burger,$14.00,The Refuge,$$,000000302.jpg,https://s3-media2.fl.yelpcdn.com/bphoto/CICK0yLAyMIwOj-T79UawA/258s.jpg
Large Israeli Salad,$9.75,Oren’s Hummus,$$,000000303.jpg,https://s3-media4.fl.yelpcdn.com/bphoto/GI-jcjwi5JTQ2dZyy47Qgw/258s.jpg
Hummus Beef,$13.50,Oren’s Hummus,$$,000000304.jpg,https://s3-media1.fl.yelpcdn.com/bphoto/sd5p4WJWMefxeErLrPGn5A/258s.jpg
1 Pieces Beef Kebab,$18.50,Oren’s Hummus,$$,000000305.jpg,https://s3-media4.fl.yelpcdn.com/bphoto/ZCVxn3Ath5NUVPRp7C27cA/258s.jpg
Falafel Sandwich,$9.95,Oren’s Hummus,$$,000000306.jpg,https://s3-media2.fl.yelpcdn.com/bphoto/4n3GY9pozqlsU9tTSvT12A/258s.jpg
Creekstone Prime Black Angus Beef,$9.95,Taichi Pot Shabu Shabu,$$,000000307.jpg,https://s3-media1.fl.yelpcdn.com/bphoto/E49K7S7CbHe0tX22f65j9A/258s.jpg
Intense Spicy Mala Dashi,$8.75,Taichi Pot Shabu Shabu,$$,000000308.jpg,https://s3-media1.fl.yelpcdn.com/bphoto/yC8oOt8aW7e-QBh43Zjdew/258s.jpg
Napa Cabbage,$2.95,Taichi Pot Shabu Shabu,$$,000000309.jpg,https://s3-media3.fl.yelpcdn.com/bphoto/_yBRjNSc6PfnotbNwB98cg/258s.jpg
American Wagyu Kobe Beef,$11.95,Taichi Pot Shabu Shabu,$$,000000310.jpg,https://s3-media1.fl.yelpcdn.com/bphoto/c9An8uC7BrILIyykNC0P4w/258s.jpg
Kyoto Shiro Miso Silk Dashi,$8.75,Taichi Pot Shabu Shabu,$$,000000311.jpg,https://s3-media3.fl.yelpcdn.com/bphoto/6bCCiSKCuT6l4-d4lTORiQ/258s.jpg
Premium Lean Wagyu Kobe Beef,$10.95,Taichi Pot Shabu Shabu,$$,000000312.jpg,https://s3-media3.fl.yelpcdn.com/bphoto/Pq1CzMVF1HuU1rDxEz4k4w/258s.jpg
Quail Eggs,$2.95,Taichi Pot Shabu Shabu,$$,000000313.jpg,https://s3-media4.fl.yelpcdn.com/bphoto/qHciTQDu2whOYjWPg2VvAA/258s.jpg
Stewed Kobe Beef Tendon,$4.95,Taichi Pot Shabu Shabu,$$,000000314.jpg,https://s3-media1.fl.yelpcdn.com/bphoto/qxNkG2SuFt1dLyZoC08-lQ/258s.jpg
Spicy Aka Miso Dashi,$8.75,Taichi Pot Shabu Shabu,$$,000000315.jpg,https://s3-media4.fl.yelpcdn.com/bphoto/XMbTWQ3-b0cTByDsoj-WPQ/258s.jpg
Spicy Kimchi Jjigae Dashi,$8.75,Taichi Pot Shabu Shabu,$$,000000316.jpg,https://s3-media3.fl.yelpcdn.com/bphoto/9AeJG4xnGMeOih7POQqb9Q/258s.jpg
Organic Poulet Roti Roast Chicken,$16.0,Cuisinett,$$,000000317.jpg,https://s3-media1.fl.yelpcdn.com/bphoto/73MTbCFYuO_hq0KWfd4pyA/258s.jpg
Quiche Lorraine,$13.0,Cuisinett,$$,000000318.jpg,https://s3-media2.fl.yelpcdn.com/bphoto/3848Fq6B7lCUDdq3CccCfw/258s.jpg
Cote De Porc Pork Chop,$19.0,Cuisinett,$$,000000319.jpg,https://s3-media4.fl.yelpcdn.com/bphoto/xXraJKbg5TFTXRyRmm2LzA/258s.jpg
Moules Frites Mussels,$21.0,Cuisinett,$$,000000320.jpg,https://s3-media3.fl.yelpcdn.com/bphoto/4Mz2wEJ2vfZYHHKQ-ClFFw/258s.jpg
French Burger,$15.0,Cuisinett,$$,000000321.jpg,https://s3-media1.fl.yelpcdn.com/bphoto/BOM5AY0OKWlEHHNw2Iz4CA/258s.jpg
Merguez Frites Sandwich,$15.0,Cuisinett,$$,000000322.jpg,https://s3-media1.fl.yelpcdn.com/bphoto/m_aS8XWrCqPoubsAuVoJOw/258s.jpg
Nicoise Salad,$15.0,Cuisinett,$$,000000323.jpg,https://s3-media3.fl.yelpcdn.com/bphoto/WHYOD2UVM6zLPauzteng3Q/258s.jpg
Ratatouille Crumble,$15.0,Cuisinett,$$,000000324.jpg,https://s3-media4.fl.yelpcdn.com/bphoto/e6NsHIM8wawo36NTywYHgA/258s.jpg
Crispy,$10.89,Chili’s,$$,000000325.jpg,https://s3-media2.fl.yelpcdn.com/bphoto/2F0_nJ6KIFTVd4S9WSCEDw/258s.jpg
Lunch Chicken Fajitas,$7.00,Chili’s,$$,000000326.jpg,https://s3-media3.fl.yelpcdn.com/bphoto/Ko4dggj3HJjOZgRWVu15OQ/258s.jpg
Boneless Wings,$5.00,Chili’s,$$,000000327.jpg,https://s3-media2.fl.yelpcdn.com/bphoto/PAsnD8Ko04y-Z7rUiSTWTQ/258s.jpg
Dungeness Crab Cakes Dinner,$14.95,Ristorante Don Giovanni,$$,000000328.jpg,https://s3-media4.fl.yelpcdn.com/bphoto/6sVInXevEe83IxF2VnfRtA/258s.jpg
Oysters Rockefeller 4 Pcs Dinner,$16.95,Ristorante Don Giovanni,$$,000000329.jpg,https://s3-media4.fl.yelpcdn.com/bphoto/8pkByQj4L_b2BUvp22ok8A/258s.jpg
Calamari Fritti Dinner,$13.95,Ristorante Don Giovanni,$$,000000330.jpg,https://s3-media4.fl.yelpcdn.com/bphoto/CLZyjG5vUZLvIYK_B3Xtug/258s.jpg
Antipasto Misto Figaro For Two Dinner,$18.95,Ristorante Don Giovanni,$$,000000331.jpg,https://s3-media2.fl.yelpcdn.com/bphoto/t7z-kGg9SDjagRiyEp7vXw/258s.jpg
Tortellini Alla Michelangelo Dinner,$17.95,Ristorante Don Giovanni,$$,000000332.jpg,https://s3-media1.fl.yelpcdn.com/bphoto/DIG0_m4zggSlVoXToOg_pA/258s.jpg
Paratha,$2.25,Chaat Paradise,$,000000333.jpg,https://s3-media1.fl.yelpcdn.com/bphoto/bnNuMmSdqP9anGlracecjA/258s.jpg
Bhatura,$4.25,Chaat Paradise,$,000000334.jpg,https://s3-media2.fl.yelpcdn.com/bphoto/BZuVHNDLhemh4jShGES6bg/258s.jpg
Hara Bhara Paratha,$4.99,Chaat Paradise,$,000000335.jpg,https://s3-media3.fl.yelpcdn.com/bphoto/mRy2u4RtxG2vBIVxae_kEQ/258s.jpg
Baigan Bhartha,$8.99,Chaat Paradise,$,000000336.jpg,https://s3-media3.fl.yelpcdn.com/bphoto/HuptHEeuXh0jL5UjNdpDVQ/258s.jpg
Aloo Gobi,$8.49,Chaat Paradise,$,000000337.jpg,https://s3-media4.fl.yelpcdn.com/bphoto/rWzRUXupa1N6zltwaZweRQ/258s.jpg
Chana Bhatura Lunch,$7.99,Chaat Paradise,$,000000338.jpg,https://s3-media3.fl.yelpcdn.com/bphoto/8rDm_j0t8BIhdtLgmth6kg/258s.jpg
Muli Paratha,$4.25,Chaat Paradise,$,000000339.jpg,https://s3-media2.fl.yelpcdn.com/bphoto/LfM5pY-avHgpbMQxvmEoNQ/258s.jpg
Pav Bhaji with Papad Lunch,$7.99,Chaat Paradise,$,000000340.jpg,https://s3-media3.fl.yelpcdn.com/bphoto/udrVt_9R4KnRy4cUjHVYlg/258s.jpg
Chana Masala,$7.99,Chaat Paradise,$,000000341.jpg,https://s3-media3.fl.yelpcdn.com/bphoto/cpf3u3Um2y_Sf54H49ppag/258s.jpg
Chilli Paneer,$8.99,Chaat Paradise,$,000000342.jpg,https://s3-media2.fl.yelpcdn.com/bphoto/t9e7-yPOw0tAAOYMZ0y-Gw/258s.jpg
Chili Chicken Wing,$17.99,Chef Zhao Bistro,$$,000000343.jpg,https://s3-media4.fl.yelpcdn.com/bphoto/Jie7HP3WYxuqorwbIEdtKA/258s.jpg
Sichuan Style Spicy Fish Fillet,$17.99,Chef Zhao Bistro,$$,000000344.jpg,https://s3-media2.fl.yelpcdn.com/bphoto/xUfhzqXV2rODsk22l6-jkQ/258s.jpg
Mapo Tofu,$14.99,Chef Zhao Bistro,$$,000000345.jpg,https://s3-media4.fl.yelpcdn.com/bphoto/n8df4olHa3Emox_aCwjsjg/258s.jpg
Twice Cooked Pork Over Rice Lunch,$12.99,Chef Zhao Bistro,$$,000000346.jpg,https://s3-media2.fl.yelpcdn.com/bphoto/Yo5XCG8X6B-Y87qgl7mpYQ/258s.jpg
Pan Fried Bun,$9.99,Chef Zhao Bistro,$$,000000347.jpg,https://s3-media3.fl.yelpcdn.com/bphoto/8O5XRQG5PU1I87VGlv105Q/258s.jpg
Cumin Lamb,$17.99,Chef Zhao Bistro,$$,000000348.jpg,https://s3-media1.fl.yelpcdn.com/bphoto/phOkl3Dosau2ia42U_WoCQ/258s.jpg
Mongolian Beef,$17.99,Chef Zhao Bistro,$$,000000349.jpg,https://s3-media3.fl.yelpcdn.com/bphoto/GwZJlzPTgmO0cwz-RwHPKw/258s.jpg
Orange Chicken,$14.99,Chef Zhao Bistro,$$,000000350.jpg,https://s3-media1.fl.yelpcdn.com/bphoto/S_A1MdMVD9kEyQ4kSssQFw/258s.jpg
Jajangmyeon,$7.99,Hong Kong Banjum Paik’s Noodle,$$,000000351.jpg,https://s3-media1.fl.yelpcdn.com/bphoto/l_q9xFkk_NVMf40-2HyEpQ/258s.jpg
Tangsuyuk,$10.99,Hong Kong Banjum Paik’s Noodle,$$,000000352.jpg,https://s3-media3.fl.yelpcdn.com/bphoto/RrWgYSsG4SF-9uKdOjawRQ/258s.jpg
Jaengban-jjajang,$13.99,Hong Kong Banjum Paik’s Noodle,$$,000000353.jpg,https://s3-media2.fl.yelpcdn.com/bphoto/zdT-yQPqVortJLXQdKOPCA/258s.jpg
Jajangbap,$8.99,Hong Kong Banjum Paik’s Noodle,$$,000000354.jpg,https://s3-media1.fl.yelpcdn.com/bphoto/11Af1CPLIdU9adXns9OcKQ/258s.jpg
Bokkeummyeon,$9.49,Hong Kong Banjum Paik’s Noodle,$$,000000355.jpg,https://s3-media1.fl.yelpcdn.com/bphoto/8yC7qFxbUmeVyY5atT1S_A/258s.jpg
Beef Jjamppong,$8.25,Hong Kong Banjum Paik’s Noodle,$$,000000356.jpg,https://s3-media1.fl.yelpcdn.com/bphoto/8-hipeMTzj8Fw2wWBxMMkA/258s.jpg
Pad Thai,$9.95,Banh Thai Restaurant,$$,000000357.jpg,https://s3-media4.fl.yelpcdn.com/bphoto/9KnVS3N9KRqDjZj_X_P7EQ/258s.jpg
Yellow Curry,$10.95,Banh Thai Restaurant,$$,000000358.jpg,https://s3-media4.fl.yelpcdn.com/bphoto/3heFVYMF2XO4iaqW7WWvOw/258s.jpg
Green Curry,$10.95,Banh Thai Restaurant,$$,000000359.jpg,https://s3-media1.fl.yelpcdn.com/bphoto/YZJClG0kf4K0cO6Mdpp1oQ/258s.jpg
Red Curry,$10.95,Banh Thai Restaurant,$$,000000360.jpg,https://s3-media1.fl.yelpcdn.com/bphoto/QqSwHUWrY_mTTdvZcSahJQ/258s.jpg
Panang Curry,$10.95,Banh Thai Restaurant,$$,000000361.jpg,https://s3-media1.fl.yelpcdn.com/bphoto/dxsgFDWIM_Glw-OWWYJHwg/258s.jpg
Vegetarian Spring Rolls,$7.95,Banh Thai Restaurant,$$,000000362.jpg,https://s3-media4.fl.yelpcdn.com/bphoto/wk8m0K-1G_FMM-Lni-QDug/258s.jpg
Papaya Salad,$9.95,Banh Thai Restaurant,$$,000000363.jpg,https://s3-media3.fl.yelpcdn.com/bphoto/40GBAxLnyq4fFMQwLIoUNQ/258s.jpg
Chicken Satay,$8.95,Banh Thai Restaurant,$$,000000364.jpg,https://s3-media1.fl.yelpcdn.com/bphoto/ums-KHgTmaCvx-aOO4HQ4Q/258s.jpg
Mango Chicken,$11.95,Banh Thai Restaurant,$$,000000365.jpg,https://s3-media4.fl.yelpcdn.com/bphoto/Mm_n9f6bB1wSkC_nm9aGcQ/258s.jpg
Pad Kee Mao,$9.95,Banh Thai Restaurant,$$,000000366.jpg,https://s3-media1.fl.yelpcdn.com/bphoto/bLzPtdLL436U-KJylWK7Pg/258s.jpg
Goat Karahi,$12.99,Khan Karahi Kabob,$,000000367.jpg,https://s3-media4.fl.yelpcdn.com/bphoto/rXecKQLDtZIzSlR5QC-Lgw/258s.jpg
Karahi Chicken,$10.99,Khan Karahi Kabob,$,000000368.jpg,https://s3-media4.fl.yelpcdn.com/bphoto/6GzS1pqKskIaDZ2U-9yTdA/258s.jpg
Lahori Choley,$7.99,Khan Karahi Kabob,$,000000369.jpg,https://s3-media2.fl.yelpcdn.com/bphoto/gNBDW-QFSGfB0zPrn8gNrQ/258s.jpg
Tonkatsu Ramen,$10.75,Juban Ramen &amp; Tapas,$$,000000370.jpg,https://s3-media2.fl.yelpcdn.com/bphoto/8xUE6t8dbfroOVw1njT_zw/258s.jpg
Juban Champon Ramen,$10.95,Juban Ramen &amp; Tapas,$$,000000371.jpg,https://s3-media3.fl.yelpcdn.com/bphoto/b4EkmnBKloFfJPmmLBF8gw/258s.jpg
Miso Ramen,$10.25,Juban Ramen &amp; Tapas,$$,000000372.jpg,https://s3-media1.fl.yelpcdn.com/bphoto/Jo5CvLO8QfqEbFZLPfPfig/258s.jpg
Agedashi Tofu,$6.50,Juban Ramen &amp; Tapas,$$,000000373.jpg,https://s3-media3.fl.yelpcdn.com/bphoto/hCjNNnNp17ImiQ8MXib2qg/258s.jpg
Seared Hamachi Carpaccio,$15.00,Juban Ramen &amp; Tapas,$$,000000374.jpg,https://s3-media4.fl.yelpcdn.com/bphoto/pbUgDfoj6gkNKXrGgeazyQ/258s.jpg
Shoyu Ramen,$10.25,Juban Ramen &amp; Tapas,$$,000000375.jpg,https://s3-media2.fl.yelpcdn.com/bphoto/4rTQTzKfUbP2L4gFnFUcEA/258s.jpg
Veggie Ramen,$10.25,Juban Ramen &amp; Tapas,$$,000000376.jpg,https://s3-media1.fl.yelpcdn.com/bphoto/URMkH_wluDGCL0SATVoMxg/258s.jpg
Chashu Don,$11.50,Juban Ramen &amp; Tapas,$$,000000377.jpg,https://s3-media2.fl.yelpcdn.com/bphoto/LZxfgD9dlqSmh-b8r2gUkg/258s.jpg
Tako Wasabi,$6.50,Juban Ramen &amp; Tapas,$$,000000378.jpg,https://s3-media1.fl.yelpcdn.com/bphoto/Y_wRbUXrWuNu4EGfRgiSlA/258s.jpg
Saba Shioyaki,$11.50,Juban Ramen &amp; Tapas,$$,000000379.jpg,https://s3-media3.fl.yelpcdn.com/bphoto/kBr7uKPYXZA5UqCussbDMQ/258s.jpg
Pesto Chicken Pasta,$12.99,Who’s Tea,$$,000000380.jpg,https://s3-media2.fl.yelpcdn.com/bphoto/xcpY363HPxrkDDyHOyFLmQ/258s.jpg
Chocolate Waffles,$9.99,Who’s Tea,$$,000000381.jpg,https://s3-media2.fl.yelpcdn.com/bphoto/45WIeSrmm_oBqRBU_GYFKw/258s.jpg
Creamy Seafood Pasta,$13.99,Who’s Tea,$$,000000382.jpg,https://s3-media2.fl.yelpcdn.com/bphoto/yykEgQVkOwXv_mabrU7R3A/258s.jpg
Tomato Seafood Pasta,$13.99,Who’s Tea,$$,000000383.jpg,https://s3-media4.fl.yelpcdn.com/bphoto/tk60zpYZA5RrXaPP4gxODA/258s.jpg
Sea Bass,$28.75,The Voya Restaurant,$$,000000384.jpg,https://s3-media3.fl.yelpcdn.com/bphoto/YRrC4Z0GgdbJJ-DrbAUN9w/258s.jpg
Cochinita Pibil,$24.75,The Voya Restaurant,$$,000000385.jpg,https://s3-media1.fl.yelpcdn.com/bphoto/xwv7OM5dv9GHGzkq_AmOXA/258s.jpg
Peruvian Ceviche,$17.75,The Voya Restaurant,$$,000000386.jpg,https://s3-media3.fl.yelpcdn.com/bphoto/mhz3z_5DN75VE3L0t6GhGg/258s.jpg
Blackened Mahi Mahi Tacos,$22.75,The Voya Restaurant,$$,000000387.jpg,https://s3-media4.fl.yelpcdn.com/bphoto/XI0SHxe_2HbdQ_kvEoQ2yg/258s.jpg
Churrasco Argentino,$27.75,The Voya Restaurant,$$,000000388.jpg,https://s3-media3.fl.yelpcdn.com/bphoto/BPrSqbRdHTV5Ehz7lAsNew/258s.jpg
Whole Grilled Branzino Fish,$32.75,The Voya Restaurant,$$,000000389.jpg,https://s3-media3.fl.yelpcdn.com/bphoto/sVadlnRyM5l9xJibOhhFzA/258s.jpg
Chile Relleno,$21.75,The Voya Restaurant,$$,000000390.jpg,https://s3-media3.fl.yelpcdn.com/bphoto/XfV_SAd0p8kEgiUVStN9Hg/258s.jpg
Enchiladas,$18.75,The Voya Restaurant,$$,000000391.jpg,https://s3-media3.fl.yelpcdn.com/bphoto/PbuN9O3aOEgh7_R_HXFa6w/258s.jpg
Crab Cakes,$19.75,The Voya Restaurant,$$,000000392.jpg,https://s3-media2.fl.yelpcdn.com/bphoto/tfQOdmq38d7HC4DSK1GC9w/258s.jpg
Coconut Crusted Shrimp,$17.75,The Voya Restaurant,$$,000000393.jpg,https://s3-media3.fl.yelpcdn.com/bphoto/a7d4LMcFBigVknqS-A4PIQ/258s.jpg
Chicken Tikka Masala,$8.99,Tandoori-n-Curry,$$,000000394.jpg,https://s3-media4.fl.yelpcdn.com/bphoto/V2Z-T8ViMk2_zVVwp80Zkg/258s.jpg
Butter Chicken,$9.50,Tandoori-n-Curry,$$,000000395.jpg,https://s3-media3.fl.yelpcdn.com/bphoto/03ZUSErZTZiSGCRbU46_hg/258s.jpg
Palak Paneer,$7.99,Tandoori-n-Curry,$$,000000396.jpg,https://s3-media1.fl.yelpcdn.com/bphoto/9lI6Vha_HnvVGTqdIo8Fxg/258s.jpg
Chicken Korma,$7.99,Tandoori-n-Curry,$$,000000397.jpg,https://s3-media3.fl.yelpcdn.com/bphoto/JjspxNbLkNpmPTVPo5sT0Q/258s.jpg
Paneer Tikka,$7.99,Tandoori-n-Curry,$$,000000398.jpg,https://s3-media2.fl.yelpcdn.com/bphoto/Y6qYmhMDxIAvBO7H5A2aOw/258s.jpg
Chana Masala,$6.99,Tandoori-n-Curry,$$,000000399.jpg,https://s3-media2.fl.yelpcdn.com/bphoto/bvemYSHYkGkC0Hy8g1hahQ/258s.jpg
Crispy,$10.89,Chili’s,$$,000000400.jpg,https://s3-media2.fl.yelpcdn.com/bphoto/sif5yI95gsKGrwd9mMWUZA/258s.jpg
Lunch Chicken Fajitas,$7.00,Chili’s,$$,000000401.jpg,https://s3-media1.fl.yelpcdn.com/bphoto/U9oRXx1eEJYL9zCmoQP3Wg/258s.jpg
Chicken Enchiladas,$10.59,Chili’s,$$,000000402.jpg,https://s3-media3.fl.yelpcdn.com/bphoto/SlC5Xcw9WKr91mGpxBNcag/258s.jpg
Asada,$1.50,Tacos El Chavo,$,000000403.jpg,https://s3-media3.fl.yelpcdn.com/bphoto/rovsM3Y-Z2P0s_RC3J_ErQ/258s.jpg
Suadero,$1.50,Tacos El Chavo,$,000000404.jpg,https://s3-media4.fl.yelpcdn.com/bphoto/Wm5Qk6-jL3YHjNsIL4NS4A/258s.jpg
Chorizo,$1.50,Tacos El Chavo,$,000000405.jpg,https://s3-media4.fl.yelpcdn.com/bphoto/BmrmN6RSR0GYm_-fPgvkiw/258s.jpg
Cabeza,$1.50,Tacos El Chavo,$,000000406.jpg,https://s3-media2.fl.yelpcdn.com/bphoto/8IP6EEzedPq-DSgbBnT81w/258s.jpg
Pollo,$1.50,Tacos El Chavo,$,000000407.jpg,https://s3-media4.fl.yelpcdn.com/bphoto/KmlyEaqMY_xnvx8T-ZsAyw/258s.jpg
Beef Chow Fun,$10.99,MW Chinese Gourmet,$$,000000408.jpg,https://s3-media1.fl.yelpcdn.com/bphoto/qd4tQvFQnb26S-tND7PoYQ/258s.jpg
Sweet and Sour Pork,$9.99,MW Chinese Gourmet,$$,000000409.jpg,https://s3-media3.fl.yelpcdn.com/bphoto/q8vbW614ZgNgMd1h3yH6-Q/258s.jpg
House Special Chow Mein,$12.99,MW Chinese Gourmet,$$,000000410.jpg,https://s3-media4.fl.yelpcdn.com/bphoto/RK4MmnX0eL21xkLDNd6qRQ/258s.jpg
Tomato and Beef Chow Mein,$10.99,MW Chinese Gourmet,$$,000000411.jpg,https://s3-media1.fl.yelpcdn.com/bphoto/gUM0GfiAbCPLEWOQF0rR9Q/258s.jpg
Sweet and Sour Spare Ribs,$10.99,MW Chinese Gourmet,$$,000000412.jpg,https://s3-media1.fl.yelpcdn.com/bphoto/5IseqdUdM0LLq6lSEzxEUA/258s.jpg
Deep Fried Buns,$6.99,MW Chinese Gourmet,$$,000000413.jpg,https://s3-media2.fl.yelpcdn.com/bphoto/FgMcCAbmSubHBkmvIaCjdA/258s.jpg
Fresh Pig Liver Congee,$7.99,MW Chinese Gourmet,$$,000000414.jpg,https://s3-media3.fl.yelpcdn.com/bphoto/aIViYQlLKflg9RZ66WEekg/258s.jpg
Hainan Chicken Congee,$8.50,MW Chinese Gourmet,$$,000000415.jpg,https://s3-media2.fl.yelpcdn.com/bphoto/wWV9AyBFdSAa93bXLXaxTg/258s.jpg
Large Israeli Salad,$9.75,Oren’s Hummus,$$,000000416.jpg,https://s3-media4.fl.yelpcdn.com/bphoto/GI-jcjwi5JTQ2dZyy47Qgw/258s.jpg
Hummus Beef,$13.50,Oren’s Hummus,$$,000000417.jpg,https://s3-media1.fl.yelpcdn.com/bphoto/sd5p4WJWMefxeErLrPGn5A/258s.jpg
1 Pieces Beef Kebab,$18.50,Oren’s Hummus,$$,000000418.jpg,https://s3-media4.fl.yelpcdn.com/bphoto/ZCVxn3Ath5NUVPRp7C27cA/258s.jpg
Falafel Sandwich,$9.95,Oren’s Hummus,$$,000000419.jpg,https://s3-media2.fl.yelpcdn.com/bphoto/4n3GY9pozqlsU9tTSvT12A/258s.jpg
Koobideh Combo Chicken and Beef,$15.95,Kolbeh,$$,000000420.jpg,https://s3-media4.fl.yelpcdn.com/bphoto/lWZQtEZOQrAxb1WLOaa_iA/258s.jpg
Beef Koobideh Kabob,$15.95,Kolbeh,$$,000000421.jpg,https://s3-media1.fl.yelpcdn.com/bphoto/MIwDDsYCXcdNmU4UcPT6Qg/258s.jpg
Chicken Koobideh Kabob,$15.95,Kolbeh,$$,000000422.jpg,https://s3-media3.fl.yelpcdn.com/bphoto/Ky5pawiMBhvg6DCjzU39Dg/258s.jpg
Gyros Plate,$14.95,Kolbeh,$$,000000423.jpg,https://s3-media4.fl.yelpcdn.com/bphoto/7sWzgFRcCHl0C00LXV0Gew/258s.jpg
Falafel Wrap,$9.95,Kolbeh,$$,000000424.jpg,https://s3-media3.fl.yelpcdn.com/bphoto/ETNI62jvTDOyz5L5sUTjrw/258s.jpg
Falafel Plate,$12.95,Kolbeh,$$,000000425.jpg,https://s3-media4.fl.yelpcdn.com/bphoto/OU9EYIz_2ooef57HUpH1_g/258s.jpg
Dolma,$5.95,Kolbeh,$$,000000426.jpg,https://s3-media2.fl.yelpcdn.com/bphoto/NWs5TpHotLoeoDD1m6jGeQ/258s.jpg
Gyros Wrap,$11.95,Kolbeh,$$,000000427.jpg,https://s3-media3.fl.yelpcdn.com/bphoto/2pvDZXxvEnZKiJo1vXfl7Q/258s.jpg
Joojeh Kabob,$16.95,Kolbeh,$$,000000428.jpg,https://s3-media4.fl.yelpcdn.com/bphoto/r8H8MbED40b1Xk9-hZJd-A/258s.jpg
Mahi Kabob,$19.95,Kolbeh,$$,000000429.jpg,https://s3-media2.fl.yelpcdn.com/bphoto/PkrBaX7NuXOEHNpnC77sIg/258s.jpg
Masala Dosa,$7.99,Malaikottai Indian Chettinad Restaurant,$$,000000430.jpg,https://s3-media1.fl.yelpcdn.com/bphoto/3yvRtWUvBgpHE5ysWTR4ZA/258s.jpg
Chicken 65,$9.99,Malaikottai Indian Chettinad Restaurant,$$,000000431.jpg,https://s3-media1.fl.yelpcdn.com/bphoto/3OdMGGn4oXX_YeRH-Xe0-A/258s.jpg
Butter Chicken Masala Curry,$11.99,Malaikottai Indian Chettinad Restaurant,$$,000000432.jpg,https://s3-media2.fl.yelpcdn.com/bphoto/NwdrMWyUdj0p6D3vK2BQ1w/258s.jpg
Mutton Bone Soup,$3.99,Malaikottai Indian Chettinad Restaurant,$$,000000433.jpg,https://s3-media2.fl.yelpcdn.com/bphoto/jAcA_JkYNHpkALcDpyXVYQ/258s.jpg
Malaikottai Mutton Sukka Curry,$11.99,Malaikottai Indian Chettinad Restaurant,$$,000000434.jpg,https://s3-media3.fl.yelpcdn.com/bphoto/neYA1k5d5tXpF_hXWY_HWA/258s.jpg
Mysore Masala Dosa,$9.49,Malaikottai Indian Chettinad Restaurant,$$,000000435.jpg,https://s3-media3.fl.yelpcdn.com/bphoto/hqf0rPZJhsKzQf0uhizyow/258s.jpg
Cauliflower Manchurian,$9.99,Malaikottai Indian Chettinad Restaurant,$$,000000436.jpg,https://s3-media2.fl.yelpcdn.com/bphoto/wN7tS3LVa5cAvL62ETL8Fw/258s.jpg
Full Fried Fish,$17.99,Malaikottai Indian Chettinad Restaurant,$$,000000437.jpg,https://s3-media1.fl.yelpcdn.com/bphoto/Al9ok_cA_JB1SD_0vTUSuQ/258s.jpg
Nandu Masala Curry,$16.99,Malaikottai Indian Chettinad Restaurant,$$,000000438.jpg,https://s3-media1.fl.yelpcdn.com/bphoto/BZiDBf_VmNhwQoh_DnMTxw/258s.jpg
Poondu Kolumbu,$9.99,Malaikottai Indian Chettinad Restaurant,$$,000000439.jpg,https://s3-media1.fl.yelpcdn.com/bphoto/2SOyS190Sg1FkXAh6xg2NA/258s.jpg
Manti,$17.95,Anatolian Kitchen,$$,000000440.jpg,https://s3-media4.fl.yelpcdn.com/bphoto/sq5PVODirLQuOnde8816mw/258s.jpg
Lamb Shank,$26.95,Anatolian Kitchen,$$,000000441.jpg,https://s3-media1.fl.yelpcdn.com/bphoto/U-a7FkreSC2BnD4s2f_H2g/258s.jpg
Moussaka,$17.95,Anatolian Kitchen,$$,000000442.jpg,https://s3-media2.fl.yelpcdn.com/bphoto/YtiCCQpqlePABTWdvssq-w/258s.jpg
Combo Grill,$24.95,Anatolian Kitchen,$$,000000443.jpg,https://s3-media2.fl.yelpcdn.com/bphoto/S4DxmiwvrIe734Uk0SJ3MQ/258s.jpg
Doner Kebab,$17.95,Anatolian Kitchen,$$,000000444.jpg,https://s3-media2.fl.yelpcdn.com/bphoto/M0SHqAaJqRkCati9p7ASmQ/258s.jpg
Babaganoush,$8.95,Anatolian Kitchen,$$,000000445.jpg,https://s3-media2.fl.yelpcdn.com/bphoto/-CBth7nIleD8VdXLFue8dg/258s.jpg
Adana Kebab,$17.95,Anatolian Kitchen,$$,000000446.jpg,https://s3-media2.fl.yelpcdn.com/bphoto/0z5EWNi3DoDFL_v3lC8EGQ/258s.jpg
Dolma,$8.95,Anatolian Kitchen,$$,000000447.jpg,https://s3-media2.fl.yelpcdn.com/bphoto/O8enVnrmXa_YachrRJ6wlA/258s.jpg
Kofte,$15.95,Anatolian Kitchen,$$,000000448.jpg,https://s3-media1.fl.yelpcdn.com/bphoto/V7CVmdk6z19hg28GeRiBNQ/258s.jpg
Anatolian Salad,$9.00,Anatolian Kitchen,$$,000000449.jpg,https://s3-media2.fl.yelpcdn.com/bphoto/uKZf0iziXqyY9H10eowj1w/258s.jpg
Chicken Curry Box,$13.49,Asian Box,$$,000000450.jpg,https://s3-media1.fl.yelpcdn.com/bphoto/ssUsF7Et-6T29bX7pWTVjg/258s.jpg
The Ox Box,$15.49,Asian Box,$$,000000451.jpg,https://s3-media3.fl.yelpcdn.com/bphoto/Kp8yefrZ4HjzqtV3hCGVQQ/258s.jpg
Vietnamese Hot Chicken Box,$13.49,Asian Box,$$,000000452.jpg,https://s3-media1.fl.yelpcdn.com/bphoto/IDiYGG3UvclnXYpvi4HCeQ/258s.jpg
Surf Vietnam Box,$15.49,Asian Box,$$,000000453.jpg,https://s3-media4.fl.yelpcdn.com/bphoto/yi85y7yVsr5icZBWaDardA/258s.jpg
The Workout Box,$12.49,Asian Box,$$,000000454.jpg,https://s3-media1.fl.yelpcdn.com/bphoto/CBmAUJKnwYOpf3ao8nN9rg/258s.jpg
The Garden Box,$12.49,Asian Box,$$,000000455.jpg,https://s3-media3.fl.yelpcdn.com/bphoto/W3WVUPp3HleZBwbbtygKTA/258s.jpg
Pad Thai,$11.99,Thai Bangkok Cuisine,$$,000000456.jpg,https://s3-media2.fl.yelpcdn.com/bphoto/kbBwkOMSCShmhTpRkqIS4Q/258s.jpg
Pad See-ew,$11.99,Thai Bangkok Cuisine,$$,000000457.jpg,https://s3-media1.fl.yelpcdn.com/bphoto/-S0KFj0btOgXpVr9TliQHg/258s.jpg
Papaya Salad,$12.99,Thai Bangkok Cuisine,$$,000000458.jpg,https://s3-media4.fl.yelpcdn.com/bphoto/7X1NMCRznUOM7iH5NLWrrA/258s.jpg
Green Curry,$12.99,Thai Bangkok Cuisine,$$,000000459.jpg,https://s3-media1.fl.yelpcdn.com/bphoto/_6ZiFX95p56oEv8KwewFeg/258s.jpg
Red Curry,$12.99,Thai Bangkok Cuisine,$$,000000460.jpg,https://s3-media4.fl.yelpcdn.com/bphoto/KTwbQcIdiCbOqQ-5lAZTZQ/258s.jpg
Yellow Curry,$12.99,Thai Bangkok Cuisine,$$,000000461.jpg,https://s3-media3.fl.yelpcdn.com/bphoto/R2E4aKD16aYCOfz6D1jtIA/258s.jpg
Roti,$10.99,Thai Bangkok Cuisine,$$,000000462.jpg,https://s3-media1.fl.yelpcdn.com/bphoto/H4RygOU6d40Mlzd1UGYeDw/258s.jpg
Tom Yum Soup,$13.99,Thai Bangkok Cuisine,$$,000000463.jpg,https://s3-media3.fl.yelpcdn.com/bphoto/Bqu740w1o_zGitXwzhK3PQ/258s.jpg
Pumpkin Curry,$12.99,Thai Bangkok Cuisine,$$,000000464.jpg,https://s3-media3.fl.yelpcdn.com/bphoto/Ed0KePYOtt4jclhwLrZdEQ/258s.jpg
Chicken Satay,$11.99,Thai Bangkok Cuisine,$$,000000465.jpg,https://s3-media3.fl.yelpcdn.com/bphoto/39H8PqmldPIQZkInLld_aw/258s.jpg
Kimchi Fried Rice,$12.99,Kami Korean Kitchen,$$,000000466.jpg,https://s3-media4.fl.yelpcdn.com/bphoto/u1YONXTCUT_2b4XgDr38Zw/258s.jpg
Spicy Tuna Roll,$7.50,Kami Korean Kitchen,$$,000000467.jpg,https://s3-media3.fl.yelpcdn.com/bphoto/ZZqL5DAh0Y7jfa30nAzQSw/258s.jpg
Tuna Roll,$7.00,Kami Korean Kitchen,$$,000000468.jpg,https://s3-media1.fl.yelpcdn.com/bphoto/K5gHx2OV9jIgyosxU2zlyg/258s.jpg
Kami Roll,$5.00,Kami Korean Kitchen,$$,000000469.jpg,https://s3-media4.fl.yelpcdn.com/bphoto/bwtm3XeN7rRDBaBnFlfiPQ/258s.jpg
Deep Fried Seaweed Roll,$8.50,Kami Korean Kitchen,$$,000000470.jpg,https://s3-media1.fl.yelpcdn.com/bphoto/yKRQ1C2rTIyunlv2GRZQHQ/258s.jpg
Bbq Short Ribs,$22.99,Kami Korean Kitchen,$$,000000471.jpg,https://s3-media1.fl.yelpcdn.com/bphoto/waTa1Ow4L32qIFdAde1uAw/258s.jpg
Chicken Katsu Rice Combination,$12.99,Kami Korean Kitchen,$$,000000472.jpg,https://s3-media1.fl.yelpcdn.com/bphoto/PbH_IykW2QGiQUzokNuoVg/258s.jpg
Spicy Rice Cake with Chewy Noodle,$13.99,Kami Korean Kitchen,$$,000000473.jpg,https://s3-media1.fl.yelpcdn.com/bphoto/vSQThOIJoq2_iGJ9o24KPQ/258s.jpg
Soft Shell Crab Bun,$6.50,Kumino Fusion,$$,000000474.jpg,https://s3-media1.fl.yelpcdn.com/bphoto/fcHV3j4bXJWED6L3wKnp9w/258s.jpg
Pork Belly Bun,$4.00,Kumino Fusion,$$,000000475.jpg,https://s3-media4.fl.yelpcdn.com/bphoto/zoZKzxSbomjQUi365lJD1Q/258s.jpg
Poached Salmon Rice,$18.00,Kumino Fusion,$$,000000476.jpg,https://s3-media4.fl.yelpcdn.com/bphoto/sg-nFO9ZlvE4Oh_ej5Lqjw/258s.jpg
Uni Chawanmushi,$15.00,Kumino Fusion,$$,000000477.jpg,https://s3-media4.fl.yelpcdn.com/bphoto/Xp6az5_51j0FMGz_tgQy6A/258s.jpg
Fried Ribeye Beef Cutlet,$26.00,Kumino Fusion,$$,000000478.jpg,https://s3-media3.fl.yelpcdn.com/bphoto/5kSjcnSbQ090GuUNw3bjVg/258s.jpg
Warm Fried Eggplant,$14.00,Kumino Fusion,$$,000000479.jpg,https://s3-media2.fl.yelpcdn.com/bphoto/ilDF_SCPPBTwgJyqgPqn9w/258s.jpg
8 Piece Seafood Pot Sticker,$11.00,Kumino Fusion,$$,000000480.jpg,https://s3-media1.fl.yelpcdn.com/bphoto/9FBSRalPc3DOHiX3PnyBsA/258s.jpg
Craw Fish Bun,$5.00,Kumino Fusion,$$,000000481.jpg,https://s3-media2.fl.yelpcdn.com/bphoto/jenYehgMUjCmdpY0B39QGQ/258s.jpg
Kobe Beef Shabu Shabu,$28.00,Kumino Fusion,$$,000000482.jpg,https://s3-media4.fl.yelpcdn.com/bphoto/gnZWFUOSwjz3awVNEgtE7w/258s.jpg
Crispy Black Cod,$12.00,Kumino Fusion,$$,000000483.jpg,https://s3-media1.fl.yelpcdn.com/bphoto/g0bXPY0jeVYQc1UA5-TZuA/258s.jpg
Sashimi,$28.0,Mizu Sushi Bar &amp; Grill,$$,000000484.jpg,https://s3-media1.fl.yelpcdn.com/bphoto/-3Khmc3y9JzXUVa36BnmHw/258s.jpg
Spicy Tuna,$10.0,Mizu Sushi Bar &amp; Grill,$$,000000485.jpg,https://s3-media1.fl.yelpcdn.com/bphoto/Obbe9SxmCCn788Glgwnz5g/258s.jpg
Tempura,$10.0,Mizu Sushi Bar &amp; Grill,$$,000000486.jpg,https://s3-media1.fl.yelpcdn.com/bphoto/PtYb63SMlNNbMzUZEcpvJQ/258s.jpg
Dragon,$17.0,Mizu Sushi Bar &amp; Grill,$$,000000487.jpg,https://s3-media1.fl.yelpcdn.com/bphoto/l8wiYKy6sj9Ppk2A1SWbxQ/258s.jpg
Rainbow,$15.5,Mizu Sushi Bar &amp; Grill,$$,000000488.jpg,https://s3-media2.fl.yelpcdn.com/bphoto/X52crsPAi2BD2qFWB8JllQ/258s.jpg
Yami Yami,$19.0,Mizu Sushi Bar &amp; Grill,$$,000000489.jpg,https://s3-media1.fl.yelpcdn.com/bphoto/KtHXkWenyVOsMVPcCfJQwg/258s.jpg
Spicy Tuna Salad,$17.0,Mizu Sushi Bar &amp; Grill,$$,000000490.jpg,https://s3-media2.fl.yelpcdn.com/bphoto/avBcBCiwfNmJy96jny4vLg/258s.jpg
Butterfly,$16.5,Mizu Sushi Bar &amp; Grill,$$,000000491.jpg,https://s3-media3.fl.yelpcdn.com/bphoto/APoAaMBW63g8Q__ZA3qucQ/258s.jpg
Rainbow Blossom,$19.5,Mizu Sushi Bar &amp; Grill,$$,000000492.jpg,https://s3-media1.fl.yelpcdn.com/bphoto/QkDRHbacsMXedf6mENrcfA/258s.jpg
Crazy Dragon,$18.0,Mizu Sushi Bar &amp; Grill,$$,000000493.jpg,https://s3-media2.fl.yelpcdn.com/bphoto/_zq763aJy4e2_XYG9bqMTA/258s.jpg
Rib Eye Steak,$17.59,Kal’s Bar-B-Q,$,000000494.jpg,https://s3-media3.fl.yelpcdn.com/bphoto/KP7D6k5GtjDp1OG2wHZKRw/258s.jpg
Giant Burger,$9.29,Kal’s Bar-B-Q,$,000000495.jpg,https://s3-media4.fl.yelpcdn.com/bphoto/6m8r7be7G-VbWnc415cIYg/258s.jpg
Hot Dog,$5.49,Kal’s Bar-B-Q,$,000000496.jpg,https://s3-media4.fl.yelpcdn.com/bphoto/6m8r7be7G-VbWnc415cIYg/258s.jpg
Bar-b-q Spare Ribs,$14.99,Kal’s Bar-B-Q,$,000000497.jpg,https://s3-media3.fl.yelpcdn.com/bphoto/KP7D6k5GtjDp1OG2wHZKRw/258s.jpg
All Beef Tendon Noodle Soup,$14.75,Liang’s Village Cupertino,$$,000000498.jpg,https://s3-media4.fl.yelpcdn.com/bphoto/LxDkr2EiGnltN_h49KLX4A/258s.jpg
Beef and Tendon Noodle Soup,$14.00,Liang’s Village Cupertino,$$,000000499.jpg,https://s3-media4.fl.yelpcdn.com/bphoto/sZ_m52teVKq1x74WzhY1-Q/258s.jpg
Spicy Red Oil Wonton,$8.75,Liang’s Village Cupertino,$$,000000500.jpg,https://s3-media2.fl.yelpcdn.com/bphoto/U5DHYOd7XlFpnyQuLdh-ng/258s.jpg
Dry Beef Noodle,$13.00,Liang’s Village Cupertino,$$,000000501.jpg,https://s3-media3.fl.yelpcdn.com/bphoto/iPFnQll6tkaciUCTeZW8bg/258s.jpg
All Beef Tendon Soup,$12.75,Liang’s Village Cupertino,$$,000000502.jpg,https://s3-media4.fl.yelpcdn.com/bphoto/kkn500KJL8dcoxvkdW0mrQ/258s.jpg
Hand Wrapped Mini Wonton Soup,$9.95,Liang’s Village Cupertino,$$,000000503.jpg,https://s3-media3.fl.yelpcdn.com/bphoto/M_FBF30-Qb32SgRrAMD88Q/258s.jpg
Special House Cold Noodle,$9.25,Liang’s Village Cupertino,$$,000000504.jpg,https://s3-media3.fl.yelpcdn.com/bphoto/wdBH1RrJFmA3nHELR5KRrg/258s.jpg
Dungeness Crab Cakes,$16.00,Fontana’s Italian,$$,000000505.jpg,https://s3-media3.fl.yelpcdn.com/bphoto/AboQD-qCTcrnLhLtOXHJxg/258s.jpg
Wild Mushroom Ravioli,$17.00,Fontana’s Italian,$$,000000506.jpg,https://s3-media4.fl.yelpcdn.com/bphoto/2gvWNsbZGpZPzHVHpfkecg/258s.jpg
Tiramisu,$8.95,Fontana’s Italian,$$,000000507.jpg,https://s3-media2.fl.yelpcdn.com/bphoto/w5ZtX_4p_znTvXep7D1pVQ/258s.jpg
Penne Calabrese,$18.00,Fontana’s Italian,$$,000000508.jpg,https://s3-media2.fl.yelpcdn.com/bphoto/AqyvMTpvOAALpHUOHI6Jig/258s.jpg
New England Clam Chowder,$6.00,Fontana’s Italian,$$,000000509.jpg,https://s3-media4.fl.yelpcdn.com/bphoto/LDAYTSsN70JFVUERbYXANw/258s.jpg
California Rack of Lamb,$35.00,Fontana’s Italian,$$,000000510.jpg,https://s3-media1.fl.yelpcdn.com/bphoto/_ClF0oYrZIHBkaMir9WSVA/258s.jpg
Warm Apple Strudel,$8.95,Fontana’s Italian,$$,000000511.jpg,https://s3-media3.fl.yelpcdn.com/bphoto/BGDISu3HRqI477SsFXASUw/258s.jpg
Carpaccio,$12.00,Fontana’s Italian,$$,000000512.jpg,https://s3-media1.fl.yelpcdn.com/bphoto/S_e9zvrX-xJ6lJc-sCjBAA/258s.jpg
Bruschetta,$9.00,Fontana’s Italian,$$,000000513.jpg,https://s3-media4.fl.yelpcdn.com/bphoto/2iwLDae61aNvc-bAilUUGg/258s.jpg
Spaghetti and Meatballs,$18.00,Fontana’s Italian,$$,000000514.jpg,https://s3-media2.fl.yelpcdn.com/bphoto/w8H4hbiIUGaU1rmpyYUXgw/258s.jpg
Sesame Chicken,$13.50,Hunan Home’s Express,$$,000000515.jpg,https://s3-media3.fl.yelpcdn.com/bphoto/I06_J7fqd5-onpltacMgGw/258s.jpg
Orange Peel Chicken,$13.50,Hunan Home’s Express,$$,000000516.jpg,https://s3-media2.fl.yelpcdn.com/bphoto/UnC2-o5DlaMLdTXlucVz6Q/258s.jpg
6 Pieces Pot Stickers,$9.50,Hunan Home’s Express,$$,000000517.jpg,https://s3-media3.fl.yelpcdn.com/bphoto/ggMiwfwLQPlY8aLw4n41Ww/258s.jpg
Beef Chow Fun,$11.95,Hunan Home’s Express,$$,000000518.jpg,https://s3-media4.fl.yelpcdn.com/bphoto/1i418vLXs4ruB1Rf1S5iiw/258s.jpg
Hunan Beef,$14.50,Hunan Home’s Express,$$,000000519.jpg,https://s3-media2.fl.yelpcdn.com/bphoto/J4AWFMXaG2YQUNPi_rOsOw/258s.jpg
Chicken Fried Rice,$10.50,Hunan Home’s Express,$$,000000520.jpg,https://s3-media2.fl.yelpcdn.com/bphoto/WyfGmMs7QrlXaXyLV7pvlA/258s.jpg
Sweet and Sour Pork,$13.50,Hunan Home’s Express,$$,000000521.jpg,https://s3-media2.fl.yelpcdn.com/bphoto/qwnu5QdQj9Su1-vzL9zyLw/258s.jpg
Salt and Pepper Fish Fillets,$15.50,Hunan Home’s Express,$$,000000522.jpg,https://s3-media3.fl.yelpcdn.com/bphoto/Bzm0TRbhz4DKSCmCvpUWRg/258s.jpg
Mongolian Beef,$14.50,Hunan Home’s Express,$$,000000523.jpg,https://s3-media4.fl.yelpcdn.com/bphoto/dUVlGM53IHE9zhUp67yoUQ/258s.jpg
Mongolian Chicken,$13.50,Hunan Home’s Express,$$,000000524.jpg,https://s3-media1.fl.yelpcdn.com/bphoto/Nb-EyAz7zenWmDb1oC4pkw/258s.jpg
Shaam Savera,$18.99,The Yellow Chilli by Sanjeev Kapoor,$$,000000525.jpg,https://s3-media4.fl.yelpcdn.com/bphoto/6fQZdGCaM9HTuJNjZD9fkQ/258s.jpg
Lalla Mussa Dal,$15.49,The Yellow Chilli by Sanjeev Kapoor,$$,000000526.jpg,https://s3-media4.fl.yelpcdn.com/bphoto/1VNaqrYvb8L8QSC-_pTiAQ/258s.jpg
Puran Singh Da Tariwala Murgh,$18.49,The Yellow Chilli by Sanjeev Kapoor,$$,000000527.jpg,https://s3-media4.fl.yelpcdn.com/bphoto/L81zNvKXfrFd3GxQlw4viw/258s.jpg
Mixed Non Veg Platter,$36.49,The Yellow Chilli by Sanjeev Kapoor,$$,000000528.jpg,https://s3-media1.fl.yelpcdn.com/bphoto/Jyf7pxyCbUb4fvBqdJpLTw/258s.jpg
Paratha,$4.99,The Yellow Chilli by Sanjeev Kapoor,$$,000000529.jpg,https://s3-media4.fl.yelpcdn.com/bphoto/XrII1Ha91N-LttDbPWf-Zw/258s.jpg
Chana Jor Garam Tikki,$15.49,The Yellow Chilli by Sanjeev Kapoor,$$,000000530.jpg,https://s3-media3.fl.yelpcdn.com/bphoto/h4yIKzvjq4_Eac8W0OQdYg/258s.jpg
Gulab E Gulkand,$9.99,The Yellow Chilli by Sanjeev Kapoor,$$,000000531.jpg,https://s3-media2.fl.yelpcdn.com/bphoto/rNZJVH7m3NVL17c8gyREzA/258s.jpg
Murgh Angar Bedgi,$19.99,The Yellow Chilli by Sanjeev Kapoor,$$,000000532.jpg,https://s3-media3.fl.yelpcdn.com/bphoto/6m8lR-n2rCH4kMNzzvhYbQ/258s.jpg
Paneer Tawa Pulao,$17.49,The Yellow Chilli by Sanjeev Kapoor,$$,000000533.jpg,https://s3-media4.fl.yelpcdn.com/bphoto/TJMnh8kf9P743cqkDQicXw/258s.jpg
Shahi Tukda,$8.99,The Yellow Chilli by Sanjeev Kapoor,$$,000000534.jpg,https://s3-media4.fl.yelpcdn.com/bphoto/ebdiFe87bwX4e2n3uqt2rg/258s.jpg
Gnocchi,$14.00,Aldo Los Altos,$$,000000535.jpg,https://s3-media4.fl.yelpcdn.com/bphoto/pwZEX5tpHF1ScDasDpWjFQ/258s.jpg
Caramella,$14.00,Aldo Los Altos,$$,000000536.jpg,https://s3-media3.fl.yelpcdn.com/bphoto/513XO9cOmT1xaLxMcF5dkw/258s.jpg
Rigatoni Del Bosco,$13.00,Aldo Los Altos,$$,000000537.jpg,https://s3-media1.fl.yelpcdn.com/bphoto/UmmR15CFDgVye3K6ZMOCBg/258s.jpg
Lamb Shank,$19.00,Aldo Los Altos,$$,000000538.jpg,https://s3-media2.fl.yelpcdn.com/bphoto/sGQu9utsGDd4PTjVX-7vSQ/258s.jpg
Pappardelle,$13.00,Aldo Los Altos,$$,000000539.jpg,https://s3-media3.fl.yelpcdn.com/bphoto/OpNXu91x7goz66Cu2yLhBw/258s.jpg
Caprese,$7.00,Aldo Los Altos,$$,000000540.jpg,https://s3-media2.fl.yelpcdn.com/bphoto/_qcoY-C4BbjUt3I-twpk8A/258s.jpg
Capellini Granchio,$14.00,Aldo Los Altos,$$,000000541.jpg,https://s3-media2.fl.yelpcdn.com/bphoto/3-yn5jTX3p-Jb4HXjdMjfA/258s.jpg
Caesar,$7.00,Aldo Los Altos,$$,000000542.jpg,https://s3-media4.fl.yelpcdn.com/bphoto/O7V0BBgIz7y8munxTjsJvQ/258s.jpg
Pere E Gorgonzola,$7.00,Aldo Los Altos,$$,000000543.jpg,https://s3-media1.fl.yelpcdn.com/bphoto/-JuqQQ5yYgMt9prf3TbvfA/258s.jpg
Quadrotti,$14.00,Aldo Los Altos,$$,000000544.jpg,https://s3-media4.fl.yelpcdn.com/bphoto/MVKnFCHfglgSh-QR3Kw_mw/258s.jpg
